"title","totalScore","reviewsCount","street","city","state","countryCode","website","phone","categories/0","categories/1","categories/2","categories/3","categories/4","categories/5","categories/6","categories/7","categories/8","categories/9","categories/10","url","categoryName"
"Direito Do Trabalho","4.5","2","Av. Araguaia, 116","Goiânia","Goiás","BR",,"","Serviços jurídicos",,,,,,,,,,,"https://www.google.com/maps/search/?api=1&query=Direito%20Do%20Trabalho&query_place_id=ChIJRVUPcGPxXpMRBUvXgMgIrNE","Serviços jurídicos"
"Advocacia e Assessoria Jurídica","5","6",,,,,,"+55 66 99936-2194","Advogado processual","Advogado de falência","Advogado(a) civil","Advogado criminal","Service establishment","Advogado de seguros","Advogado trabalhista","Serviços jurídicos","Advogado imobiliário","Advogado previdenciário","Advogado tributarista","https://www.google.com/maps/search/?api=1&query=Advocacia%20e%20Assessoria%20Jur%C3%ADdica&query_place_id=ChIJ-dYrMaUiO2URjidwIcVF4OI","Advogado processual"
"ASSESSORIA JURÍDICA E EMPRESARIAL","5","3","R. Fernando Falcão, 1111 - Conjunto 308","São Paulo","São Paulo","BR",,"+55 11 2796-2031","Assistência jurídica","Consultoria empresarial",,,,,,,,,,"https://www.google.com/maps/search/?api=1&query=ASSESSORIA%20JUR%C3%8DDICA%20E%20EMPRESARIAL&query_place_id=ChIJe_N5zKhZzpQRbM1wgAXpdwQ","Assistência jurídica"
"SSG Assessoria Jurídica - Escritório de Advocacia","4.4","7","Rua Padre Adelino, 2074 - 12º andar - Conj. 121","São Paulo","SP","BR",,"+55 11 3181-3652","Escritório de advocacia",,,,,,,,,,,"https://www.google.com/maps/search/?api=1&query=SSG%20Assessoria%20Jur%C3%ADdica%20-%20Escrit%C3%B3rio%20de%20Advocacia&query_place_id=ChIJPwGBgPRfzpQRplRiaCYFQkA","Escritório de advocacia"
"Advocacia & Assessoria Jurídica","5","5",,,,,,"+55 92 99155-5329","Escritório de advocacia","Advogado administrativo","Service establishment","Advogado trabalhista","Advogado","Serviços jurídicos","Advogado processual",,,,,"https://www.google.com/maps/search/?api=1&query=Advocacia%20%26%20Assessoria%20Jur%C3%ADdica&query_place_id=ChIJD8kEjUPQcosR8t3pZmBrjDc","Escritório de advocacia"
"Advogado - Assessoria & Consultoria Jurídica","5","11","Estr. do Tindiba, 1752 - sala 201","Rio de Janeiro","Rio de Janeiro","BR",,"+55 21 99934-4524","Advogado","Advogado administrativo","Advogado(a) civil","Advogado criminal","Advogado trabalhista","Advogado imobiliário","Advogado tributarista","Advogado processual",,,,"https://www.google.com/maps/search/?api=1&query=Advogado%20-%20Assessoria%20%26%20Consultoria%20Jur%C3%ADdica&query_place_id=ChIJY96FPV-MvI8RvmXqBBoNLnU","Advogado"
"Acessoria Jurídica","5","1","R. 1150, 10","Balneário Camboriú","Santa Catarina","BR",,"+55 47 3264-6871","Advogado",,,,,,,,,,,"https://www.google.com/maps/search/?api=1&query=Acessoria%20Jur%C3%ADdica&query_place_id=ChIJB2yJSQS22JQRtdLyordKwnU","Advogado"
"Assessoria Jurídica","5","4","Av. Iguatemi, n° 360 - Loja 5","Feira de Santana","Bahia","BR",,"+55 75 98298-3368","Serviços jurídicos",,,,,,,,,,,"https://www.google.com/maps/search/?api=1&query=Assessoria%20Jur%C3%ADdica&query_place_id=ChIJrab-dTk5FAcRqVG6zoHjs9A","Serviços jurídicos"
"ADVOCACIA ASSESSORIA JURÍDICA","4.8","22","Taguatinga Norte QNB 3","Brasília","Distrito Federal","BR",,"+55 35629615","Escritório da empresa",,,,,,,,,,,"https://www.google.com/maps/search/?api=1&query=ADVOCACIA%20ASSESSORIA%20JUR%C3%8DDICA&query_place_id=ChIJcfB9X90yWpMRtGb3ScGRMG4","Escritório da empresa"
"J. A. Assessoria Jurídica","5","23","Avenida Hilário Pereira de Souza 406 Torre São Paulo, sala 1310","Osasco","SP","BR",,"+55 11 98765-4966","Advogado imobiliário",,,,,,,,,,,"https://www.google.com/maps/search/?api=1&query=J.%20A.%20Assessoria%20Jur%C3%ADdica&query_place_id=ChIJr6r7nSL_zpQRa7EwfDaLmn0","Advogado imobiliário"
"𝐂𝐚𝐫𝐥𝐚 𝐕𝐞𝐢𝐠𝐚 - 𝐀𝐝𝐯𝐨𝐠𝐚𝐝𝐚 𝐓𝐫𝐢𝐛𝐮𝐭𝐚𝐫𝐢𝐬𝐭𝐚 𝐧𝐨 𝐑𝐢𝐨 𝐝𝐞 𝐉𝐚𝐧𝐞𝐢𝐫𝐨","5","26","Av. Rio Branco, 131 - Sala 1703","Rio de Janeiro","Rio de Janeiro","BR",,"+55 21 99620-8990","Advogado tributarista",,,,,,,,,,,"https://www.google.com/maps/search/?api=1&query=%F0%9D%90%82%F0%9D%90%9A%F0%9D%90%AB%F0%9D%90%A5%F0%9D%90%9A%20%F0%9D%90%95%F0%9D%90%9E%F0%9D%90%A2%F0%9D%90%A0%F0%9D%90%9A%20-%20%F0%9D%90%80%F0%9D%90%9D%F0%9D%90%AF%F0%9D%90%A8%F0%9D%90%A0%F0%9D%90%9A%F0%9D%90%9D%F0%9D%90%9A%20%F0%9D%90%93%F0%9D%90%AB%F0%9D%90%A2%F0%9D%90%9B%F0%9D%90%AE%F0%9D%90%AD%F0%9D%90%9A%F0%9D%90%AB%F0%9D%90%A2%F0%9D%90%AC%F0%9D%90%AD%F0%9D%90%9A%20%F0%9D%90%A7%F0%9D%90%A8%20%F0%9D%90%91%F0%9D%90%A2%F0%9D%90%A8%20%F0%9D%90%9D%F0%9D%90%9E%20%F0%9D%90%89%F0%9D%90%9A%F0%9D%90%A7%F0%9D%90%9E%F0%9D%90%A2%F0%9D%90%AB%F0%9D%90%A8&query_place_id=ChIJJyY8JcF_mQARYZfNEPOQn5M","Advogado tributarista"
"HERRERA E FARIA ADVOGADOS - FAMÍLIA (DIVÓRCIO, INVENTÁRIO), ISENÇÕES (PCD), CONTRATOS, IMOBILIÁRIO (USUCAPIÃO), INSS, TRAB.","5","13","R. Liberdade, 498","Bragança Paulista","São Paulo","BR",,"+55 11 97173-4080","Serviços jurídicos",,,,,,,,,,,"https://www.google.com/maps/search/?api=1&query=HERRERA%20E%20FARIA%20ADVOGADOS%20-%20FAM%C3%8DLIA%20(DIV%C3%93RCIO%2C%20INVENT%C3%81RIO)%2C%20ISEN%C3%87%C3%95ES%20(PCD)%2C%20CONTRATOS%2C%20IMOBILI%C3%81RIO%20(USUCAPI%C3%83O)%2C%20INSS%2C%20TRAB.&query_place_id=ChIJkw_J1ZTJzpQRhHau4xcDZ10","Serviços jurídicos"
"ROLIM NASTRI ADVOCACIA","4.8","29","R. Expedicionários Itapetininganos, 1803","Itapetininga","São Paulo","BR",,"+55 15 3271-2942","Advogado","Serviços jurídicos",,,,,,,,,,"https://www.google.com/maps/search/?api=1&query=ROLIM%20NASTRI%20ADVOCACIA&query_place_id=ChIJy25lC2PMxZQRy_L763IMaeg","Advogado"
"Caroline Suppioni - Advogada Atibaia","4.8","20","R. Castro Fafe, 526","Atibaia","São Paulo","BR",,"+55 11 96423-4186","Advogado de Direito de Família","Advogado contencioso","Pensão","Advogado(a) civil","Serviço de divórcio","Advogado de direitos da terceira idade","Advogado de planejamento de espólio","Advogado imobiliário","Advogado processual",,,"https://www.google.com/maps/search/?api=1&query=Caroline%20Suppioni%20-%20Advogada%20Atibaia&query_place_id=ChIJL-sK4bbDzpQRL9omLOJaZmk","Advogado de Direito de Família"
"OAB - 139ª Subseção de VALINHOS","4.1","50","Av. Joaquim Alves Corrêa, 3809","Valinhos","São Paulo","BR",,"+55 19 3871-0755","Advogado","Imobiliária",,,,,,,,,,"https://www.google.com/maps/search/?api=1&query=OAB%20-%20139%C2%AA%20Subse%C3%A7%C3%A3o%20de%20VALINHOS&query_place_id=ChIJ00KsT6PNyJQReSeR3zdnwfc","Advogado"
"Doutor Carlos Eduardo Viana Kortz","5","45","R. Cel. César Eugênio Piedade, 160 - 1º andar, sala 7","Itapetininga","São Paulo","BR",,"+55 15 99617-1479","Advogado previdenciário",,,,,,,,,,,"https://www.google.com/maps/search/?api=1&query=Doutor%20Carlos%20Eduardo%20Viana%20Kortz&query_place_id=ChIJnczktZ_NxZQREYXCYVEOLTc","Advogado previdenciário"
"Advogado em Florianópolis Ermeson Advogados","5","63","Av. Hercílio Luz, 639","Florianópolis","Santa Catarina","BR",,"+55 48 98832-5964","Advogado","Advogado criminal","Advogado de Direito de Família","Advogado de práticas gerais","Advogado imobiliário","Advogado processual",,,,,,"https://www.google.com/maps/search/?api=1&query=Advogado%20em%20Florian%C3%B3polis%20Ermeson%20Advogados&query_place_id=ChIJpX6Br_6BDQURHKnlH9y7a8Q","Advogado"
"Carnielli Palmezzano - Advogados em Valinhos","5","28","Av. dos Esportes, nº 542 - sala 110","Valinhos","São Paulo","BR",,"+55 19 99108-7874","Advogado",,,,,,,,,,,"https://www.google.com/maps/search/?api=1&query=Carnielli%20Palmezzano%20-%20Advogados%20em%20Valinhos&query_place_id=ChIJY593pdvNyJQR9q8dZMmI-0w","Advogado"
"Thiago Farias Advogado","5","444","Ângelo Dias Center - R. Ângelo Dias, 45 - sala 12","Blumenau","Santa Catarina","BR",,"+55 47 99229-2086","Serviços jurídicos","Advogado",,,,,,,,,,"https://www.google.com/maps/search/?api=1&query=Thiago%20Farias%20Advogado&query_place_id=ChIJo-dSEawf35QRk7NAG4mNmkE","Serviços jurídicos"
"Dra Teresinha Ravena de Sousa - Advogada | Divórcios | Inventários | Direito Civil","5","8","Av. Joaquim Alves Corrêa, 4480","Valinhos","São Paulo","BR",,"+55 19 98177-0026","Advogado(a) civil",,,,,,,,,,,"https://www.google.com/maps/search/?api=1&query=Dra%20Teresinha%20Ravena%20de%20Sousa%20-%20Advogada%20%7C%20Div%C3%B3rcios%20%7C%20Invent%C3%A1rios%20%7C%20Direito%20Civil&query_place_id=ChIJ6TuWhpnNyJQRReLh_E0D1_8","Advogado(a) civil"
"Roseli Hanna - Advogada","5","77","R. Antônio Carlos, nº 196 - sala 41","Valinhos","São Paulo","BR",,"+55 19 99116-4333","Advogado","Advogado(a) civil","Advogado trabalhista","Escritório de advocacia","Advogado imobiliário",,,,,,,"https://www.google.com/maps/search/?api=1&query=Roseli%20Hanna%20-%20Advogada&query_place_id=ChIJ6cA5Zj_NyJQRwnmWTQLV5wU","Advogado"
"Rosely Fernandes - Advocacia Civil e Previdenciária (INSS)","5","76","R. Agostinho Capovila, 69","Valinhos","São Paulo","BR",,"+55 19 99332-6670","Advogado previdenciário","Advogado(a) civil","Serviços jurídicos","Previdência Social","Consultor de aposentadoria","Escritório da Previdência Social",,,,,,"https://www.google.com/maps/search/?api=1&query=Rosely%20Fernandes%20-%20Advocacia%20Civil%20e%20Previdenci%C3%A1ria%20(INSS)&query_place_id=ChIJ3e_Aj4DNyJQR35us51V12Dw","Advogado previdenciário"
"Felipe Faria - Advogado Atibaia","5","24","R. Castro Fafe, 526","Atibaia","São Paulo","BR",,"+55 11 99830-5797","Advogado","Serviços jurídicos",,,,,,,,,,"https://www.google.com/maps/search/?api=1&query=Felipe%20Faria%20-%20Advogado%20Atibaia&query_place_id=ChIJKeDhok7BzpQRthPzLkzdc6w","Advogado"
"OAB - 166ª Subseção de VINHEDO","4.2","42","Av. Brasil, 669","Vinhedo","São Paulo","BR",,"+55 19 99628-9427","Advogado","Imobiliária",,,,,,,,,,"https://www.google.com/maps/search/?api=1&query=OAB%20-%20166%C2%AA%20Subse%C3%A7%C3%A3o%20de%20VINHEDO&query_place_id=ChIJq0DVlKMyz5QRPj10ZWmPgyI","Advogado"
"Ricardo Toledo Sociedade Individual de Advocacia","5","136","Edifício Anhumas - Av. Campos Sales, 890 - 15° andar, sala 1505","Campinas","São Paulo","BR",,"+55 19 98907-7207","Serviços jurídicos",,,,,,,,,,,"https://www.google.com/maps/search/?api=1&query=Ricardo%20Toledo%20Sociedade%20Individual%20de%20Advocacia&query_place_id=ChIJLbJUFBjNyJQRltX2DbpE9l8","Serviços jurídicos"
"De Lucca Sociedade de Advogados","4.5","4","R. da Formiga, Jardim","Vinhedo","São Paulo","BR",,"+55 19 3876-4400","Advogado",,,,,,,,,,,"https://www.google.com/maps/search/?api=1&query=De%20Lucca%20Sociedade%20de%20Advogados&query_place_id=ChIJi0c5Oc8zz5QRBMWxG-9ECfU","Advogado"
"Danielli Souza | Advogada de Direito Digital","5","14","Av. Brasília, 268","Paulínia","São Paulo","BR",,"","Advogado",,,,,,,,,,,"https://www.google.com/maps/search/?api=1&query=Danielli%20Souza%20%7C%20Advogada%20de%20Direito%20Digital&query_place_id=ChIJGev0yqWVyJQRJEU2hGXdkGo","Advogado"
"Advogado Vinhedo Francisco - Advogado Familiar","5","2","R. Nicolau Von Zuben, 550","Vinhedo","São Paulo","BR",,"+55 19 99667-7927","Advogado(a) civil",,,,,,,,,,,"https://www.google.com/maps/search/?api=1&query=Advogado%20Vinhedo%20Francisco%20-%20Advogado%20Familiar&query_place_id=ChIJ85b6ik0zz5QRHdcJf6wXwTY","Advogado(a) civil"
"OAB - 233ª Subseção de PAULÍNIA","4.3","53","Av. Brasília, 268","Paulínia","São Paulo","BR",,"+55 19 3874-3336","Advogado",,,,,,,,,,,"https://www.google.com/maps/search/?api=1&query=OAB%20-%20233%C2%AA%20Subse%C3%A7%C3%A3o%20de%20PAUL%C3%8DNIA&query_place_id=ChIJ-U5xA16VyJQRe7NmBuaxnJc","Advogado"
"Advocacia Alencar & Bolonhezi","5","60","Av. José Paulino, 1040 - sala 01","Paulínia","São Paulo","BR",,"+55 19 98732-5832","Advogado",,,,,,,,,,,"https://www.google.com/maps/search/?api=1&query=Advocacia%20Alencar%20%26%20Bolonhezi&query_place_id=ChIJd3tzmfSVyJQRzN4r0Da6b98","Advogado"
"Luiza Falcão Advogada - Bragança Paulista","5","34","Condomínio Empresarial Jaguari - Av. Marcelo Stefani, 15 - módulo 143, 2º andar, sala 302","Bragança Paulista","São Paulo","BR",,"+55 11 99587-1237","Advogado","Advogado administrativo","Advogado(a) civil","Advogado imobiliário",,,,,,,,"https://www.google.com/maps/search/?api=1&query=Luiza%20Falc%C3%A3o%20Advogada%20-%20Bragan%C3%A7a%20Paulista&query_place_id=ChIJEw8hBKfJzpQR8kxzH9Hc9IE","Advogado"
"Patrícia Monteiro - Advogada Bragança","5","71","ed. New York - R. Cel. João Leme, 460 - sala 907","Bragança Paulista","São Paulo","BR",,"+55 11 99772-7040","Serviços jurídicos","Advogado contencioso","Advogado(a) civil","Advogado especialista em divórcios","Advogado de imigração","Advogado trabalhista","Advogado","Advogado especialista em direito médico","Advogado previdenciário","Advogado processual",,"https://www.google.com/maps/search/?api=1&query=Patr%C3%ADcia%20Monteiro%20-%20Advogada%20Bragan%C3%A7a&query_place_id=ChIJbVZ7k2DJzpQRX8mpCnvRPOA","Serviços jurídicos"
"Caroline Suppioni - Advogada Bragança Paulista","4.9","44","R. Cel. João Leme, 688","Bragança Paulista","São Paulo","BR",,"+55 11 96423-4186","Advogado","Advogado contencioso","Advogado(a) civil","Advogado especialista em divórcios","Serviço de divórcio","Advogado de direitos da terceira idade","Advogado de planejamento de espólio","Advogado de Direito de Família","Advogado imobiliário","Advogado processual",,"https://www.google.com/maps/search/?api=1&query=Caroline%20Suppioni%20-%20Advogada%20Bragan%C3%A7a%20Paulista&query_place_id=ChIJQUzRC6fJzpQRUhyK9U3p10s","Advogado"
"Cauê Scapini | Advogado","5","15","Av. Brasil, 669","Vinhedo","São Paulo","BR",,"+55 19 99478-8683","Advogado(a) civil","Advogado processual",,,,,,,,,,"https://www.google.com/maps/search/?api=1&query=Cau%C3%AA%20Scapini%20%7C%20Advogado&query_place_id=ChIJvVvFiFNiZEoRr9La84pqpas","Advogado(a) civil"
"Advogado Nádia Mendes | Trabalhista e Previdenciário - Atibaia","5","123","Praça Pedro de Toledo, 74","Atibaia","São Paulo","BR",,"+55 11 94122-2308","Advogado trabalhista","Pensão","Advogado(a) civil","Advogado","Assistência jurídica","Advogado previdenciário",,,,,,"https://www.google.com/maps/search/?api=1&query=Advogado%20N%C3%A1dia%20Mendes%20%7C%20Trabalhista%20e%20Previdenci%C3%A1rio%20-%20Atibaia&query_place_id=ChIJmek5LxHJzpQRJouPwPBx58E","Advogado trabalhista"
"Felipe Faria - Advogado","5","38","R. José Mathias Farhat Sobrinho, 11 - sala 02","Bragança Paulista","São Paulo","BR",,"+55 11 99830-5797","Advogado imobiliário","Advogado(a) empresarial","Advogado(a) civil","Serviços jurídicos","Tabelião","Cartório de Registro de Imóveis",,,,,,"https://www.google.com/maps/search/?api=1&query=Felipe%20Faria%20-%20Advogado&query_place_id=ChIJ0XU-hrXJzpQRyVcO-kUtkdM","Advogado imobiliário"
"Régis Fernandes Advocacia","5","70","R. Dom Aguirre, 267","Bragança Paulista","São Paulo","BR",,"","Advogado",,,,,,,,,,,"https://www.google.com/maps/search/?api=1&query=R%C3%A9gis%20Fernandes%20Advocacia&query_place_id=ChIJEVd366_JzpQRSuv3hVLFSB4","Advogado"
"Pimenta e Fonseca Advogados Associados","5","46","R. Dr. Souza Alves, 384 - sala 107","Taubaté","São Paulo","BR",,"+55 12 99720-4077","Advogado",,,,,,,,,,,"https://www.google.com/maps/search/?api=1&query=Pimenta%20e%20Fonseca%20Advogados%20Associados&query_place_id=ChIJQ9j2KAD5zJQRgf_fwdJXxbI","Advogado"
"Advocacia Bruna Carvalho","5","24","R. Jacques Felix, 435 - Sala 302","Taubaté","São Paulo","BR",,"+55 12 98197-2585","Advogado(a) civil",,,,,,,,,,,"https://www.google.com/maps/search/?api=1&query=Advocacia%20Bruna%20Carvalho&query_place_id=ChIJy12aBJX5zJQRYvS7DmWwroA","Advogado(a) civil"
"Vitor Yuji Fujihara - Advogado","5","82","R. Visc. do Rio Branco, 122","Atibaia","São Paulo","BR",,"+55 11 99691-1616","Advogado","Advogado(a) civil","Advogado trabalhista","Advogado previdenciário",,,,,,,,"https://www.google.com/maps/search/?api=1&query=Vitor%20Yuji%20Fujihara%20-%20Advogado&query_place_id=ChIJ3UnQbyPBzpQRJSpEbuIlqq4","Advogado"
"Escola da Bíblia","5","1","Av. Brasília, 272 - 1 - Jardim","Paulínia","São Paulo","BR",,"+55 19 98742-6931","Instituição religiosa",,,,,,,,,,,"https://www.google.com/maps/search/?api=1&query=Escola%20da%20B%C3%ADblia&query_place_id=ChIJI9AHfmCVyJQRZy5usfc4AbQ","Instituição religiosa"
"Emerson Clayton advocacia","5","107","R. Barão da Pedra Negra, 365","Taubaté","São Paulo","BR",,"+55 12 98175-7757","Serviços jurídicos","Advogado(a) civil","Advogado trabalhista",,,,,,,,,"https://www.google.com/maps/search/?api=1&query=Emerson%20Clayton%20advocacia&query_place_id=ChIJYfM_2Wz5zJQRfXHMkRGRT9o","Serviços jurídicos"
"SHAYDA DAHER - ADVOGADA","4.9","135","R. Visc. do Rio Branco, 627 - Salas 10/11","Taubaté","São Paulo","BR",,"","Serviços jurídicos","Complexo de condomínio","Advogado de planejamento de espólio","Advogado de Direito de Família","Advogado trabalhista","Advogado imobiliário","Advogado previdenciário",,,,,"https://www.google.com/maps/search/?api=1&query=SHAYDA%20DAHER%20-%20ADVOGADA&query_place_id=ChIJL8y9hgT5zJQROxPK6yoGm-s","Serviços jurídicos"
"Ruback Advogados Associados","4.6","222","R. Dom André Arco-Verde, 346","Taubaté","São Paulo","BR",,"+55 12 3625-2310","Serviços jurídicos",,,,,,,,,,,"https://www.google.com/maps/search/?api=1&query=Ruback%20Advogados%20Associados&query_place_id=ChIJBSSbqnL5zJQRehoFUkyLem8","Serviços jurídicos"
"CONTESINI E ADVOGADOS ASSOCIADOS","4.7","47","Av. Nove de Julho, 216","Atibaia","São Paulo","BR",,"+55 11 4411-1290","Serviços jurídicos",,,,,,,,,,,"https://www.google.com/maps/search/?api=1&query=CONTESINI%20E%20ADVOGADOS%20ASSOCIADOS&query_place_id=ChIJhfGStt3AzpQRVW6trChmC_0","Serviços jurídicos"
"ADVOGADA GABRIELLE SILVA CUNHA CAMPOS EM TAUBATÉ E REGIÃO","5","10","Rua Quatro de Março, 441 - Centro, Taubaté - SP, CEP:","Taubaté","SP","BR",,"+55 31 97357-0629","Advogado",,,,,,,,,,,"https://www.google.com/maps/search/?api=1&query=ADVOGADA%20GABRIELLE%20SILVA%20CUNHA%20CAMPOS%20EM%20TAUBAT%C3%89%20E%20REGI%C3%83O&query_place_id=ChIJRSBEG3X5zJQRz5lRYu4i-oI","Advogado"
"Advogado Dr. Douglas Bertoldo Taubaté Tremembé Pinda Caçapava São José dos Campos","5","76","Edifício The ONE - Av. Itália, 928 - sala 1603","Taubaté","São Paulo","BR",,"+55 12 99760-2110","Advogado(a) civil","Advogado especialista em divórcios","Advogado","Advogado imobiliário","Advogado processual",,,,,,,"https://www.google.com/maps/search/?api=1&query=Advogado%20Dr.%20Douglas%20Bertoldo%20Taubat%C3%A9%20Trememb%C3%A9%20Pinda%20Ca%C3%A7apava%20S%C3%A3o%20Jos%C3%A9%20dos%20Campos&query_place_id=ChIJmZaa4pD5zJQR3UViT3HDndU","Advogado(a) civil"
"Pereira e Rodrigues Advocacia","4.8","179","R. Dr. Virgílio de Rezende, 1320","Itapetininga","São Paulo","BR",,"+55 15 99658-1813","Serviços jurídicos",,,,,,,,,,,"https://www.google.com/maps/search/?api=1&query=Pereira%20e%20Rodrigues%20Advocacia&query_place_id=ChIJOQlzqmPNxZQR3Gts7JEWsig","Serviços jurídicos"
"Muta Advogados Especialistas - Atendimento em todas as áreas do Direito","5","242","ESPECIALISTAS HÁ 30 ANOS - R. Visc. do Rio Branco, 44 - sala 06","Taubaté","São Paulo","BR",,"+55 12 99184-4481","Advogado","Advogado(a) civil","Advogado trabalhista","Escritório de advocacia","Serviços jurídicos","Advogado previdenciário",,,,,,"https://www.google.com/maps/search/?api=1&query=Muta%20Advogados%20Especialistas%20-%20Atendimento%20em%20todas%20as%20%C3%A1reas%20do%20Direito&query_place_id=ChIJ4xGFvUv5zJQR93NhR7_aIHM","Advogado"
"Adolfo Advogado","4.9","84","R. Doze de Outubro, 396","Valinhos","São Paulo","BR",,"+55 19 98315-5290","Advogado trabalhista",,,,,,,,,,,"https://www.google.com/maps/search/?api=1&query=Adolfo%20Advogado&query_place_id=ChIJaVMcR5HNyJQRYq3fwT5Uo0c","Advogado trabalhista"
"Silveira & Alexandrino Advogados","5","72","Edifício Dourados - Av. Nações Unidas, 2390 - Sala 1504","Novo Hamburgo","Rio Grande do Sul","BR",,"+55 51 99260-9779","Advogado",,,,,,,,,,,"https://www.google.com/maps/search/?api=1&query=Silveira%20%26%20Alexandrino%20Advogados&query_place_id=ChIJb29LuWxpGZURPPbzFifEyr4","Advogado"
"OAP Advocacia","4.9","62","R. 2550, 1114 - Sala 1","Balneário Camboriú","Santa Catarina","BR",,"+55 47 99928-9602","Advogado",,,,,,,,,,,"https://www.google.com/maps/search/?api=1&query=OAP%20Advocacia&query_place_id=ChIJYRbZJte32JQRcSDF4bhuWYU","Advogado"
"Clarisete Dutra Advocacia Previdenciária e Trabalhista","4.9","46","R. Bento Gonçalves, 3344","Novo Hamburgo","Rio Grande do Sul","BR",,"","Serviços jurídicos",,,,,,,,,,,"https://www.google.com/maps/search/?api=1&query=Clarisete%20Dutra%20Advocacia%20Previdenci%C3%A1ria%20e%20Trabalhista&query_place_id=ChIJO4rNRaRDGZURJ5A4BXntsxA","Serviços jurídicos"
"Escritório Fossá Advogados","5","148","Av. Fernando Machado, 310 - Gl. 101","Chapecó","Santa Catarina","BR",,"+55 49 98409-3939","Advogado de práticas gerais","Advogado administrativo","Advogado(a) civil","Advogado criminal","Advogado trabalhista","Advogado de Direito de Família","Advogado imobiliário","Advogado previdenciário","Advogado tributarista","Advogado processual",,"https://www.google.com/maps/search/?api=1&query=Escrit%C3%B3rio%20Foss%C3%A1%20Advogados&query_place_id=ChIJ5SosVVW35JQRBqjBLpza4tc","Advogado de práticas gerais"
"Rosa Ribas Marinho","4.9","76","Sede OAB/BC - R. 916, 612","Balneário Camboriú","Santa Catarina","BR",,"+55 47 99965-5844","Advogado de Direito de Família",,,,,,,,,,,"https://www.google.com/maps/search/?api=1&query=Rosa%20Ribas%20Marinho&query_place_id=ChIJ1___9wLK2JQRpW-cXJeB74w","Advogado de Direito de Família"
"Ramos Advogados Associados - Novo Hamburgo","5","19","Av. Pedro Adams Filho, 5114 - 1001","Novo Hamburgo","Rio Grande do Sul","BR",,"+55 51 98422-1193","Advogado trabalhista","Advogado de falência","Advogado(a) civil","Advogado especialista em divórcios","Advogado de seguros","Advogado","Serviços jurídicos","Advogado imobiliário","Advogado previdenciário","Advogado processual",,"https://www.google.com/maps/search/?api=1&query=Ramos%20Advogados%20Associados%20-%20Novo%20Hamburgo&query_place_id=ChIJF5KbklhDGZUR4KcbK39lOoA","Advogado trabalhista"
"Daniel Solha Advogado - Especializado em Direito de Família, Civil, Empresarial e Trânsito","5","78","Av. Cassiano Ricardo, 601, sala 123, Jardim Aquarius","São José dos Campos","SP","BR",,"+55 12 98112-4694","Advogado","Advogado administrativo","Advogado de falência","Advogado(a) civil","Advogado de seguros","Escritório de advocacia","Serviços jurídicos","Advogado de patentes","Advogado imobiliário","Advogado processual",,"https://www.google.com/maps/search/?api=1&query=Daniel%20Solha%20Advogado%20-%20Especializado%20em%20Direito%20de%20Fam%C3%ADlia%2C%20Civil%2C%20Empresarial%20e%20Tr%C3%A2nsito&query_place_id=ChIJnY3mxRhKzJQR6SQF0PUw5Mk","Advogado"
"Advogada Especialista em Inventários e Planejamento Sucessório","5","105","Edifício Empresarial Atlântico - Rua Juiz David Barrilli, 304","São José dos Campos","São Paulo","BR",,"+55 12 99768-1554","Advogado",,,,,,,,,,,"https://www.google.com/maps/search/?api=1&query=Advogada%20Especialista%20em%20Invent%C3%A1rios%20e%20Planejamento%20Sucess%C3%B3rio&query_place_id=ChIJI3GCi8A1zJQRMbrhupMhOsw","Advogado"
"Vieira Bissiatto Advocacia","4.9","102","Rua Riachuelo, 460 Edifício Trade Tower, Sala 1007 - Décimo Andar","Sorocaba","SP","BR",,"+55 15 3042-1285","Serviços jurídicos","Advogado(a) civil","Advogado especialista em divórcios","Advogado de Direito de Família","Advogado trabalhista","Advogado","Advogado previdenciário",,,,,"https://www.google.com/maps/search/?api=1&query=Vieira%20Bissiatto%20Advocacia&query_place_id=ChIJ04m4z5iLxZQRTPROEbaI7rg","Serviços jurídicos"
"Montroni Advogados Itajaí","4.8","25","R. Karl Richard Breitenbauch, n. 110","Itajaí","Santa Catarina","BR",,"+55 47 3011-3132","Serviços jurídicos",,,,,,,,,,,"https://www.google.com/maps/search/?api=1&query=Montroni%20Advogados%20Itaja%C3%AD&query_place_id=ChIJvxpcRzLN2JQRBH7eqkgL7Xg","Serviços jurídicos"
"Nogueira Advogados","5","22","torre A - R. Dr. Orlando Feirabend Filho, 230 - sala 1813","São José dos Campos","São Paulo","BR",,"+55 12 99102-4168","Advogado",,,,,,,,,,,"https://www.google.com/maps/search/?api=1&query=Nogueira%20Advogados&query_place_id=ChIJ16E2PN41zJQR8zRekB5fAKQ","Advogado"
"Dra. Adriana Borges - advogada atuante em área cível, de família e trabalhista","5","34","Av. Itavuvu, 126 - Sala 6","Sorocaba","São Paulo","BR",,"+55 15 3234-6585","Advogado","Advogado(a) civil","Advogado especialista em divórcios","Advogado(a) de sucessões","Advogado de Direito de Família","Advogado trabalhista",,,,,,"https://www.google.com/maps/search/?api=1&query=Dra.%20Adriana%20Borges%20-%20advogada%20atuante%20em%20%C3%A1rea%20c%C3%ADvel%2C%20de%20fam%C3%ADlia%20e%20trabalhista&query_place_id=ChIJhaeWsTD1xZQR8jT708Epimk","Advogado"
"Dra. Julia Magrini | Advogada das Famílias","5","70","R. Azarias Leite, 16-68","Bauru","São Paulo","BR",,"+55 14 99668-4103","Advogado de Direito de Família","Advogado(a) civil",,,,,,,,,,"https://www.google.com/maps/search/?api=1&query=Dra.%20Julia%20Magrini%20%7C%20Advogada%20das%20Fam%C3%ADlias&query_place_id=ChIJPVDGRMV1dgIRIJkTU2Aa3rk","Advogado de Direito de Família"
"Peres Martines Advogado","5","193","R. Tiradentes, 1200 - Sala 102","Piracicaba","São Paulo","BR",,"+55 19 99624-5279","Advogado","Assistência jurídica",,,,,,,,,,"https://www.google.com/maps/search/?api=1&query=Peres%20Martines%20Advogado&query_place_id=ChIJeQVh5ykxxpQRMf-itLeRiaE","Advogado"
"Taufic & Miqueletti Advogados Associados","5","93","R. Ten. José Leite Sampaio Netto, 2-140 - Sala 1607","Bauru","São Paulo","BR",,"+55 14 99794-3700","Serviços jurídicos","Advogado(a) empresarial","Advogado especialista em divórcios","Advogado trabalhista","Advogado especialista em direito médico","Advogado imobiliário","Advogado previdenciário",,,,,"https://www.google.com/maps/search/?api=1&query=Taufic%20%26%20Miqueletti%20Advogados%20Associados&query_place_id=ChIJh39Unstnv5QRRmrWFkWS-70","Serviços jurídicos"
"Advocacia Previdenciária - Dr. Edson Lazarini, Dra. Fernanda Máximo e Dra. Maryele Zanardo","4.9","33","Av. Independência, 80","Piracicaba","São Paulo","BR",,"+55 19 98954-6781","Advogado","Advogado previdenciário",,,,,,,,,,"https://www.google.com/maps/search/?api=1&query=Advocacia%20Previdenci%C3%A1ria%20-%20Dr.%20Edson%20Lazarini%2C%20Dra.%20Fernanda%20M%C3%A1ximo%20e%20Dra.%20Maryele%20Zanardo&query_place_id=ChIJc9p40eAxxpQR-NO8PzaKqIU","Advogado"
"Fernando Luvizotto - Advogado","5","124","R. Gomes Carneiro, 875 - B","Piracicaba","São Paulo","BR",,"+55 19 98128-6842","Advogado criminal","Advogado(a) civil","Advogado tributarista",,,,,,,,,"https://www.google.com/maps/search/?api=1&query=Fernando%20Luvizotto%20-%20Advogado&query_place_id=ChIJrc3hzl8xxpQREqOLBcwdC30","Advogado criminal"
"Adriana Bráz Advocacia","4.9","50","R. Cel. Afonso, 521","Itapetininga","São Paulo","BR",,"+55 15 3511-7541","Serviços jurídicos",,,,,,,,,,,"https://www.google.com/maps/search/?api=1&query=Adriana%20Br%C3%A1z%20Advocacia&query_place_id=ChIJH3LPD9HNxZQRYsgLR_MxsJU","Serviços jurídicos"
"Rocha & Filzek Advogados Associados","5","46","R. Floriano Peixoto, 780","Piracicaba","São Paulo","BR",,"+55 19 3302-5001","Advogado",,,,,,,,,,,"https://www.google.com/maps/search/?api=1&query=Rocha%20%26%20Filzek%20Advogados%20Associados&query_place_id=ChIJffIMOaMxxpQR1LWC9NAo4ZU","Advogado"
"Nemeth Advocacia & Consultoria Jurídica","5","166","Av. Zélia, 1.116 - 1º Andar - Sala 03","Barueri","São Paulo","BR",,"+55 11 97262-0981","Serviços jurídicos",,,,,,,,,,,"https://www.google.com/maps/search/?api=1&query=Nemeth%20Advocacia%20%26%20Consultoria%20Jur%C3%ADdica&query_place_id=ChIJldi0Za4Bz5QRxIiO_BqgZvk","Serviços jurídicos"
"Advogados em São José do Rio Preto | GC Advogados","5","17",,,,,,"+55 17 98801-6644","Serviços jurídicos","Service establishment",,,,,,,,,,"https://www.google.com/maps/search/?api=1&query=Advogados%20em%20S%C3%A3o%20Jos%C3%A9%20do%20Rio%20Preto%20%7C%20GC%20Advogados&query_place_id=ChIJVVWJ-WatvZQRd6wlPcwNUAU","Serviços jurídicos"
"Luana Carvalho Advocacia - Barueri - São Paulo","5","92","Al. Rio Negro, 503 - Sala 2020","Barueri","São Paulo","BR",,"+55 11 94185-2771","Escritório de advocacia",,,,,,,,,,,"https://www.google.com/maps/search/?api=1&query=Luana%20Carvalho%20Advocacia%20-%20Barueri%20-%20S%C3%A3o%20Paulo&query_place_id=ChIJ12SM5Rs2d6ARga3-VUNmSz4","Escritório de advocacia"
"Advogado Criminal","5","72","R. Primeiro de Maio, 202 - sala 402","Santo André","São Paulo","BR",,"+55 11 94665-1736","Serviços jurídicos",,,,,,,,,,,"https://www.google.com/maps/search/?api=1&query=Advogado%20Criminal&query_place_id=ChIJwS-i1wlDzpQRRisEHm4TqU4","Serviços jurídicos"
"R Silva Advocacia - Advogado","4.9","33","R. Pedro de Toledo, 665 - Sala 22","Indaiatuba","São Paulo","BR",,"+55 19 99698-2080","Advogado","Advogado(a) empresarial","Advogado(a) civil","Advogado criminal","Advogado especialista em divórcios","Advogado trabalhista","Advogado imobiliário","Advogado previdenciário","Advogado tributarista",,,"https://www.google.com/maps/search/?api=1&query=R%20Silva%20Advocacia%20-%20Advogado&query_place_id=ChIJy-OamQ-1yJQRum-sf0-kLf4","Advogado"
"Gracia F. Santos de Almeida","5","675","R. Martinico Prado, 1.180","Ribeirão Preto","São Paulo","BR",,"+55 16 3963-2414","Serviços jurídicos",,,,,,,,,,,"https://www.google.com/maps/search/?api=1&query=Gracia%20F.%20Santos%20de%20Almeida&query_place_id=ChIJhTkyFV2-uZQRSOy1-sIobyI","Serviços jurídicos"
"Polezi Advogados","5","12","Av. Adolfo Lutz, 342","São José do Rio Preto","São Paulo","BR",,"+55 17 99727-5161","Advogado",,,,,,,,,,,"https://www.google.com/maps/search/?api=1&query=Polezi%20Advogados&query_place_id=ChIJEUcFE1itvZQRZv7UsWYb8io","Advogado"
"Luiz Fernando Ribas Advogados Associados","4.6","159","R. Manoel Bento da Cruz, Quadra 7","Bauru","São Paulo","BR",,"+55 14 3234-3521","Serviços jurídicos","Advogado trabalhista",,,,,,,,,,"https://www.google.com/maps/search/?api=1&query=Luiz%20Fernando%20Ribas%20Advogados%20Associados&query_place_id=ChIJ08C0mK1nv5QRLCKcL6rGq-w","Serviços jurídicos"
"Coyado Advocacia","4.6","46","Mondial Office Osasco (ao lado Hotel Ibis - Av. dos Autonomistas, 2435 - Conj. 801","Osasco","São Paulo","BR",,"+55 11 3683-8377","Serviços jurídicos","Consultoria empresarial","Advogado(a) civil","Advogado especialista em divórcios","Advogado de Direito de Família","Advogado trabalhista","Escritório de advocacia","Advogado","Advogado imobiliário","Advogado processual",,"https://www.google.com/maps/search/?api=1&query=Coyado%20Advocacia&query_place_id=ChIJn47jzhr_zpQR7OigebZRbmg","Serviços jurídicos"
"DIVÓRCIO EM BARUERI","5","119","Rua Campos Sales, 11 - Sala 21","Barueri","São Paulo","BR",,"+55 11 98794-4147","Serviços jurídicos","Advogado(a) civil","Advogado de Direito de Família","Advogado trabalhista","Advogado","Advogado previdenciário",,,,,,"https://www.google.com/maps/search/?api=1&query=DIV%C3%93RCIO%20EM%20BARUERI&query_place_id=ChIJz2HrKfUDz5QRhR6lNoIL4Q8","Serviços jurídicos"
"Velho & Medeiros Sociedade de Advogados | Advogado Bauru","5","107","R. Professor Wilson Monteiro Bonato, n° 1-38","Bauru","São Paulo","BR",,"+55 14 99777-7779","Serviços jurídicos",,,,,,,,,,,"https://www.google.com/maps/search/?api=1&query=Velho%20%26%20Medeiros%20Sociedade%20de%20Advogados%20%7C%20Advogado%20Bauru&query_place_id=ChIJYyOkh5Znv5QRb4XcavBml0I","Serviços jurídicos"
"Advocacia Toranzo","4.9","51","R. Xavier de Toledo, 183 - sala 61","Santo André","São Paulo","BR",,"+55 11 99522-7307","Serviços jurídicos",,,,,,,,,,,"https://www.google.com/maps/search/?api=1&query=Advocacia%20Toranzo&query_place_id=ChIJMYHTvH5CzpQRe-NEEIb4koM","Serviços jurídicos"
"Bruna Incerpe - Advogada","5","75","Av. Santa Bárbara, 1502","Limeira","São Paulo","BR",,"+55 19 99747-6547","Advogado(a) civil","Advogado imobiliário",,,,,,,,,,"https://www.google.com/maps/search/?api=1&query=Bruna%20Incerpe%20-%20Advogada&query_place_id=ChIJSx6kSlyByJQRdmRv-y6vSK0","Advogado(a) civil"
"Advogado(a) - Jéssica Julião","5","298","R. Virgílio Malta, 17-76","Bauru","São Paulo","BR",,"+55 14 99733-0957","Advogado","Advogado(a) empresarial","Advogado(a) civil","Advogado(a) ambiental","Advogado(a) de sucessões",,,,,,,"https://www.google.com/maps/search/?api=1&query=Advogado(a)%20-%20J%C3%A9ssica%20Juli%C3%A3o&query_place_id=ChIJNYiWfFhnv5QRjjUizrDnP-k","Advogado"
"ADVOCACIA FERREIRA","5","60","R. Fernando Camargo, 500 - SALA 93B","Americana","São Paulo","BR",,"+55 19 3645-2751","Serviços jurídicos","Advogado(a) civil","Advogado trabalhista","Advogado","Advogado previdenciário",,,,,,,"https://www.google.com/maps/search/?api=1&query=ADVOCACIA%20FERREIRA&query_place_id=ChIJ-2wdlAKbyJQR88t40LrnLJ8","Serviços jurídicos"
"Obras de Arte /Jocelino Soares","5","1","Av. Adolfo Lutz, 342","São José do Rio Preto","São Paulo","BR",,"+55 17 3233-0066","Serviços jurídicos",,,,,,,,,,,"https://www.google.com/maps/search/?api=1&query=Obras%20de%20Arte%20%2FJocelino%20Soares&query_place_id=ChIJ__8zbVitvZQR89HmgVkLL9Y","Serviços jurídicos"
"Dr. Jamil Milani (Milani & Milani Advocacia Trabalhista)","4.9","157","R. Treze de Maio, 797 - Sala 11","Piracicaba","São Paulo","BR",,"+55 19 3435-7552","Advogado",,,,,,,,,,,"https://www.google.com/maps/search/?api=1&query=Dr.%20Jamil%20Milani%20(Milani%20%26%20Milani%20Advocacia%20Trabalhista)&query_place_id=ChIJEznAavobVgERahqRa8loMl0","Advogado"
"Gumieri Santos Soares Advocacia | Advogado em São Caetano","4.9","51","Av. Sen. Roberto Símonsen, 743 - Sala 24","São Caetano do Sul","São Paulo","BR",,"+55 11 96538-6710","Serviços jurídicos","Advogado criminal","Advogado de Direito de Família","Advogado trabalhista","Advogado previdenciário","Advogado tributarista",,,,,,"https://www.google.com/maps/search/?api=1&query=Gumieri%20Santos%20Soares%20Advocacia%20%7C%20Advogado%20em%20S%C3%A3o%20Caetano&query_place_id=ChIJPTknI0BdzpQRbydjbnRL4jk","Serviços jurídicos"
"Dra Jamille Souza Moura- Holding e Advocacia Empresarial","5","8","R. Buenos Aíres, 452","Cuiabá","Mato Grosso","BR",,"+55 65 99288-5282","Holding","Advogado(a) empresarial","Advogado",,,,,,,,,"https://www.google.com/maps/search/?api=1&query=Dra%20Jamille%20Souza%20Moura-%20Holding%20e%20Advocacia%20Empresarial&query_place_id=ChIJOQ2ASACxnZMRyJi1zi4V1mo","Holding"
"LUCIANA ALMADA - ADVOGADA TRABALHISTA EMPRESARIAL","5","1","Q 2","Brasília","Distrito Federal","BR",,"+55 61 99697-3584","Advogado trabalhista","Advogado(a) civil","Advogado processual",,,,,,,,,"https://www.google.com/maps/search/?api=1&query=LUCIANA%20ALMADA%20-%20ADVOGADA%20TRABALHISTA%20EMPRESARIAL&query_place_id=ChIJa_VDBkkhWpMRC3EDtH4mRh0","Advogado trabalhista"
"Deltreggia Reis Advogados - Americana","5","59","R. das Malvas, 264","Americana","São Paulo","BR",,"+55 19 99404-9490","Serviços jurídicos","Advogado(a) civil","Advogado criminal","Advogado trabalhista","Advogado","Advogado processual",,,,,,"https://www.google.com/maps/search/?api=1&query=Deltreggia%20Reis%20Advogados%20-%20Americana&query_place_id=ChIJt3VIFZiZyJQRFKnWff82cJc","Serviços jurídicos"
"Cantuária & Associados Advocacia Empresarial","4.6","12","R. Viana do Castelo, 5","Manaus","Amazonas","BR",,"+55 92 3213-4350","Advogado",,,,,,,,,,,"https://www.google.com/maps/search/?api=1&query=Cantu%C3%A1ria%20%26%20Associados%20Advocacia%20Empresarial&query_place_id=ChIJb24XHEwFbJIRsGTyMe9l5uM","Advogado"
"Advogado Criminal Dr Lucas Torrezan - Americana","5","222","R. Paraíba, 378","Americana","São Paulo","BR",,"+55 19 99263-0595","Advogado criminal",,,,,,,,,,,"https://www.google.com/maps/search/?api=1&query=Advogado%20Criminal%20Dr%20Lucas%20Torrezan%20-%20Americana&query_place_id=ChIJCbdLV2GbyJQRj8R9eI1zHus","Advogado criminal"
"Barros Advocacia e Consultoria Jurídica","4.8","26","R. AntonÍo de Carvalho, 288","Sumaré","São Paulo","BR",,"+55 19 3903-3932","Serviços jurídicos",,,,,,,,,,,"https://www.google.com/maps/search/?api=1&query=Barros%20Advocacia%20e%20Consultoria%20Jur%C3%ADdica&query_place_id=ChIJwcvE0Gm9yJQRVnDaGZXIVeU","Serviços jurídicos"
"WB Advogados Associados","5","78","R. Visc. de Inhaúma, 1170 - Sala 22","São Caetano do Sul","São Paulo","BR",,"+55 11 2376-8626","Serviços jurídicos","Advogado(a) civil","Advogado trabalhista","Advogado de Direito de Família","Advogado previdenciário",,,,,,,"https://www.google.com/maps/search/?api=1&query=WB%20Advogados%20Associados&query_place_id=ChIJT_P_uc9czpQRej3hNyb0b-s","Serviços jurídicos"
"Advogada - Dra. Jaíra Roberta Azevedo Carvalho","5","615","R. Princesa Isabel, 120","Americana","São Paulo","BR",,"+55 19 98164-6949","Advogado",,,,,,,,,,,"https://www.google.com/maps/search/?api=1&query=Advogada%20-%20Dra.%20Ja%C3%ADra%20Roberta%20Azevedo%20Carvalho&query_place_id=ChIJQRBAKy2ayJQROKnHOAKTTTU","Advogado"
"Dra. Sandra Regina | Advogado em Salvador | Direito do Consumidor - EQUIPE ESPECIALIZADA ATENDEMOS TODAS AS ÁREAS","4.9","48","R. Lúcio Manoel da Hora, 15A - Sala 2","Salvador","Bahia","BR",,"+55 71 98604-6754","Advogado","Advogado(a) civil","Serviços jurídicos",,,,,,,,,"https://www.google.com/maps/search/?api=1&query=Dra.%20Sandra%20Regina%20%7C%20Advogado%20em%20Salvador%20%7C%20Direito%20do%20Consumidor%20-%20EQUIPE%20ESPECIALIZADA%20ATENDEMOS%20TODAS%20AS%20%C3%81REAS&query_place_id=ChIJUfY8bckbFgcR6gRgS8mxOGo","Advogado"
"Advogada Dra. Andreza Silva Teixeira dos Santos | Especialista Trabalhista","5","94","R. Máximo Biondo, 416 - Sala 31","Sumaré","São Paulo","BR",,"+55 19 99469-7949","Serviços jurídicos",,,,,,,,,,,"https://www.google.com/maps/search/?api=1&query=Advogada%20Dra.%20Andreza%20Silva%20Teixeira%20dos%20Santos%20%7C%20Especialista%20Trabalhista&query_place_id=ChIJ13d3pcu9yJQR4Ey6RV1NR5A","Serviços jurídicos"
"Andressa Martins Advocacia","4.9","115","R. Ipiranga, 234","Sumaré","São Paulo","BR",,"+55 19 3873-5839","Serviços jurídicos",,,,,,,,,,,"https://www.google.com/maps/search/?api=1&query=Andressa%20Martins%20Advocacia&query_place_id=ChIJ6-kMBmy9yJQRmQjCZg-YDOs","Serviços jurídicos"
"Advocacia Cordeiro","4.9","42","R. Máximo Biondo, 411","Sumaré","São Paulo","BR",,"+55 19 99693-3739","Advogado previdenciário","Advogado especialista em divórcios","Advogado de direitos da terceira idade","Advogado trabalhista","Serviços jurídicos","Advogado imobiliário",,,,,,"https://www.google.com/maps/search/?api=1&query=Advocacia%20Cordeiro&query_place_id=ChIJhTcrUSW9yJQRZiYqCs0qq9o","Advogado previdenciário"
"Cassiano Ramos Advogado do Consumidor","5","71","Av. Dr. Hélio Ribeiro, 525","Cuiabá","Mato Grosso","BR",,"+55 65 99276-5528","Serviços jurídicos",,,,,,,,,,,"https://www.google.com/maps/search/?api=1&query=Cassiano%20Ramos%20Advogado%20do%20Consumidor&query_place_id=ChIJK7aQdBOxnZMRxMJyUs3TXwU","Serviços jurídicos"
"Advogado Previdenciário l Aposentadoria INSS I Benefícios INSS I Salário Maternidade - JB Advogados","5","32","Endereço Escritório: Shopping Lozandes, Business Tower I - Av. Olinda, 960 - Sala 2105","Goiânia","Goiás","BR",,"+55 800 591 2650","Advogado",,,,,,,,,,,"https://www.google.com/maps/search/?api=1&query=Advogado%20Previdenci%C3%A1rio%20l%20Aposentadoria%20INSS%20I%20Benef%C3%ADcios%20INSS%20I%20Sal%C3%A1rio%20Maternidade%20-%20JB%20Advogados&query_place_id=ChIJs3QCiyvxXpMRxsRT8n_7DzY","Advogado"
"Advogado Previdenciário - Dr. Luciner Gomes de Araújo Júnior","5","20",,,,,,"+55 27 99579-3257","Advogado previdenciário","Service establishment",,,,,,,,,,"https://www.google.com/maps/search/?api=1&query=Advogado%20Previdenci%C3%A1rio%20-%20Dr.%20Luciner%20Gomes%20de%20Ara%C3%BAjo%20J%C3%BAnior&query_place_id=ChIJwasxhd0ltgAR15D0vxqHgoE","Advogado previdenciário"
"GUILHERME OLIVEIRA ADVOCACIA - MOGI DAS CRUZES ️.","5","55","EDIFICIO ATRIUM - R. Barão de Jaceguai, 509 - Sala 93","Mogi das Cruzes","São Paulo","BR",,"+55 11 93702-0234","Escritório de advocacia","Advogado tributarista",,,,,,,,,,"https://www.google.com/maps/search/?api=1&query=GUILHERME%20OLIVEIRA%20ADVOCACIA%20-%20MOGI%20DAS%20CRUZES%20%EF%B8%8F.&query_place_id=ChIJ_81NhBXZzZQR1d9mq11faaw","Escritório de advocacia"
"Gabriel Antonio Advogado Especialista em Inventário em São Paulo","5","40","R. Augusta, 1939","São Paulo","São Paulo","BR",,"+55 11 94662-9703","Advogado de Direito de Família",,,,,,,,,,,"https://www.google.com/maps/search/?api=1&query=Gabriel%20Antonio%20Advogado%20Especialista%20em%20Invent%C3%A1rio%20em%20S%C3%A3o%20Paulo&query_place_id=ChIJy8S3o0aQxKcRlHrOHXvdcHk","Advogado de Direito de Família"
"Advogado - Silva Veiga Escritório de Advocacia","4.7","153","Av.Brigadeiro Faria Lima, 420 - 2º andar","Guarulhos","São Paulo","BR",,"+55 11 97990-9343","Advogado processual",,,,,,,,,,,"https://www.google.com/maps/search/?api=1&query=Advogado%20-%20Silva%20Veiga%20Escrit%C3%B3rio%20de%20Advocacia&query_place_id=ChIJy72P_EX1zpQRoMjrjNKN9bY","Advogado processual"
"Franciele Cardoso Advogada Especialista em Auxílio-Doença, Aposentadoria, Pensão por Morte e Benefícios do INSS","5","84","Av. Paraná, 427 - Sala 301 - Terceiro Andar","Londrina","Paraná","BR",,"+55 43 99669-1899","Advogado previdenciário","Advogado de direitos da terceira idade","Advogado","Serviços jurídicos","Previdência Social","Consultor de aposentadoria","Escritório da Previdência Social",,,,,"https://www.google.com/maps/search/?api=1&query=Franciele%20Cardoso%20Advogada%20Especialista%20em%20Aux%C3%ADlio-Doen%C3%A7a%2C%20Aposentadoria%2C%20Pens%C3%A3o%20por%20Morte%20e%20Benef%C3%ADcios%20do%20INSS&query_place_id=ChIJ-0zi_c1D65QRYkTU4K9EnaY","Advogado previdenciário"
"Inventário Advocacia Lindsay Souza","5","64",,,,,,"+55 31 99965-3355","Advogado","Service establishment",,,,,,,,,,"https://www.google.com/maps/search/?api=1&query=Invent%C3%A1rio%20Advocacia%20Lindsay%20Souza&query_place_id=ChIJ2z-bOdvfowAR0PqVAGaA7MM","Advogado"
"Advogado Inventário","5","2","R. XV de Novembro, 556","Curitiba","Paraná","BR",,"+55 41 3121-0001","Advogado(a) de sucessões",,,,,,,,,,,"https://www.google.com/maps/search/?api=1&query=Advogado%20Invent%C3%A1rio&query_place_id=ChIJU_Ny-wjl3JQRBRxxDSR1w3o","Advogado(a) de sucessões"
"⭐️ Dra. Jayne Aranda Campos | Advogada de Inventário e Imobiliário","5","56","R. Marechal Floriano Peixoto, 960","Foz do Iguaçu","Paraná","BR",,"+55 45 99122-8323","Advogado(a) de sucessões","Advogado de Direito de Família","Advogado imobiliário",,,,,,,,,"https://www.google.com/maps/search/?api=1&query=%E2%AD%90%EF%B8%8F%20Dra.%20Jayne%20Aranda%20Campos%20%7C%20Advogada%20de%20Invent%C3%A1rio%20e%20Imobili%C3%A1rio&query_place_id=ChIJVVXJZ4Wa9pQRBjhJZCGmufo","Advogado(a) de sucessões"
"QC ADVOCACIA","5","837","R. Vitória, 899","Cascavel","Paraná","BR",,"+55 45 99117-6434","Serviços jurídicos",,,,,,,,,,,"https://www.google.com/maps/search/?api=1&query=QC%20ADVOCACIA&query_place_id=ChIJkzQVsprV85QRght9_S6DVjE","Serviços jurídicos"
"RAFAEL QUARELI - ADVOCACIA ESPECIALIZADA","4.9","55","R. Paraná, 2902","Cascavel","Paraná","BR",,"+55 45 99812-2970","Serviços jurídicos",,,,,,,,,,,"https://www.google.com/maps/search/?api=1&query=RAFAEL%20QUARELI%20-%20ADVOCACIA%20ESPECIALIZADA&query_place_id=ChIJ0ZR8xP3V85QRstVIV5e22g0","Serviços jurídicos"
"Paula Goulart Advogada","5","167","R. Caracas, 1621","Maringá","Paraná","BR",,"+55 43 98827-2539","Advogado",,,,,,,,,,,"https://www.google.com/maps/search/?api=1&query=Paula%20Goulart%20Advogada&query_place_id=ChIJJbS7c_TR7JQRKfQJ1LoPifo","Advogado"
"Direito imobiliário, Tributário, Agrário e Cível - Deki Advocacia - Ponta Grossa","5","42","R. Rui Barbosa, 127","Ponta Grossa","Paraná","BR",,"+55 42 99904-5720","Serviços jurídicos","Advogado(a) empresarial","Advogado(a) civil","Advogado de Direito de Família","Advogado trabalhista","Advogado imobiliário","Advogado tributarista",,,,,"https://www.google.com/maps/search/?api=1&query=Direito%20imobili%C3%A1rio%2C%20Tribut%C3%A1rio%2C%20Agr%C3%A1rio%20e%20C%C3%ADvel%20-%20Deki%20Advocacia%20-%20Ponta%20Grossa&query_place_id=ChIJES6dX_0b6JQRp41IhyI3a1g","Serviços jurídicos"
"Yuri Melo - Advogado Especializado em Direito Imobiliário","5","25","Av. Jorge Amado, 1565","Aracaju","Sergipe","BR",,"+55 79 99683-1176","Advogado imobiliário",,,,,,,,,,,"https://www.google.com/maps/search/?api=1&query=Yuri%20Melo%20-%20Advogado%20Especializado%20em%20Direito%20Imobili%C3%A1rio&query_place_id=ChIJxeZATByzGgcR1BwgwNDXamE","Advogado imobiliário"
"Advogado imobiliario,cívil,inventário,usucapião -Danillo Nery Advocacia em Goiânia","5","27","Av. T-2, Q. 06 - Lote 06, Sala 07","Goiânia","Goiás","BR",,"+55 62 99188-3657","Advogado","Advogado(a) civil","Advogado(a) de sucessões","Serviços jurídicos","Advogado imobiliário",,,,,,,"https://www.google.com/maps/search/?api=1&query=Advogado%20imobiliario%2Cc%C3%ADvil%2Cinvent%C3%A1rio%2Cusucapi%C3%A3o%20-Danillo%20Nery%20Advocacia%20em%20Goi%C3%A2nia&query_place_id=ChIJY6aWW2H3XpMR4-OakP0Bwsk","Advogado"
"Advogada Inventário, Herança Rio de Janeiro - Roberta Veras","5","48","R. da Quitanda, 30 - sala 613","Rio de Janeiro","Rio de Janeiro","BR",,"+55 21 99416-5684","Serviços jurídicos",,,,,,,,,,,"https://www.google.com/maps/search/?api=1&query=Advogada%20Invent%C3%A1rio%2C%20Heran%C3%A7a%20Rio%20de%20Janeiro%20-%20Roberta%20Veras&query_place_id=ChIJr4e0z9J_mQAR6Pa8vdWJKvQ","Serviços jurídicos"
"Barbosa & Faneco Advocacia Maringá","5","45","Av. Pioneiro Antônio Fernandes Maciel, 59","Maringá","Paraná","BR",,"+55 44 4141-1080","Advogado","Advogado administrativo","Advogado(a) civil","Advogado criminal","Advogado trabalhista","Advogado previdenciário",,,,,,"https://www.google.com/maps/search/?api=1&query=Barbosa%20%26%20Faneco%20Advocacia%20Maring%C3%A1&query_place_id=ChIJ77Vr0-nb7JQRMnWVWqPkpqs","Advogado"
"Desbesell Advocacia Especializada em Direito Acidentário e Previdenciário","5","169","Edifício Turim - R. 9 de Março, 737 - térreo","Joinville","Santa Catarina","BR",,"+55 41 98784-1759","Serviços jurídicos",,,,,,,,,,,"https://www.google.com/maps/search/?api=1&query=Desbesell%20Advocacia%20Especializada%20em%20Direito%20Acident%C3%A1rio%20e%20Previdenci%C3%A1rio&query_place_id=ChIJAQF-kV-x3pQRsX7_g6TNWdY","Serviços jurídicos"
"Advogada Direito de Familia - Sabrina Diniz","5","11",,,,,,"+55 17 99678-2893","Advogado de Direito de Família","Advogado(a) civil","Advogado criminal","Service establishment","Advogado previdenciário",,,,,,,"https://www.google.com/maps/search/?api=1&query=Advogada%20Direito%20de%20Familia%20-%20Sabrina%20Diniz&query_place_id=ChIJyThrdIWtvZQRMouiXQcZdL8","Advogado de Direito de Família"
"Anderson Machado Advogados","5","83","R. do Rosário, 335","Ponta Grossa","Paraná","BR",,"+55 42 3238-7072","Advogado",,,,,,,,,,,"https://www.google.com/maps/search/?api=1&query=Anderson%20Machado%20Advogados&query_place_id=ChIJRcxhDkcb6JQRD61Mf8Le5os","Advogado"
"Advogado Direito de Família Salvador - Hasselmann e França Advocacia","5","28","Condomínio Metropolitan Center - Av. Tancredo Neves, 969","Salvador","Bahia","BR",,"","Serviços jurídicos","Advogado de Direito de Família",,,,,,,,,,"https://www.google.com/maps/search/?api=1&query=Advogado%20Direito%20de%20Fam%C3%ADlia%20Salvador%20-%20Hasselmann%20e%20Fran%C3%A7a%20Advocacia&query_place_id=ChIJKySp1y8bFgcRr1X-kHXt0h8","Serviços jurídicos"
"Advogada de Família - Brenda Viana Advocacia","4.8","35","Q. 6 Conjunto A Bloco A, S/N, Sala 501 E 51","Brasília","Distrito Federal","BR",,"+55 61 2107-9403","Serviços jurídicos","Advogado(a) civil","Advogado processual",,,,,,,,,"https://www.google.com/maps/search/?api=1&query=Advogada%20de%20Fam%C3%ADlia%20-%20Brenda%20Viana%20Advocacia&query_place_id=ChIJjzNEwL4zWpMRD4UeZqSuUyE","Serviços jurídicos"
"Do Nascimento & Advocacia","5","16","R. Antônio Raposo, 186 - CJ 111","São Paulo","São Paulo","BR",,"+55 11 98265-0305","Advogado de Direito de Família","Advogado(a) civil","Advogado especialista em divórcios","Escritório de advocacia","Serviços jurídicos","Advogado especialista em direito médico","Advogado imobiliário",,,,,"https://www.google.com/maps/search/?api=1&query=Do%20Nascimento%20%26%20Advocacia&query_place_id=ChIJIWcX1q_5zpQR-8pOnv27pK4","Advogado de Direito de Família"
"Woglers & Just Advocacia e Consultoria Jurídica","5","36","R. Santos Dumont, 1020","Ponta Grossa","Paraná","BR",,"+55 42 99906-6895","Advogado","Advogado(a) civil",,,,,,,,,,"https://www.google.com/maps/search/?api=1&query=Woglers%20%26%20Just%20Advocacia%20e%20Consultoria%20Jur%C3%ADdica&query_place_id=ChIJdWLZZT0b6JQRAlRJfDvuHqs","Advogado"
"Mariele Abreu Nigelski Advocacia - Advogada Previdenciária em Ponta Grossa","5","46","Praça - R. Mal. Floriano peixoto, 42 - Sala 42","Ponta Grossa","Paraná","BR",,"+55 42 99954-7988","Serviços jurídicos","Advogado","Instituto de Aposentadoria e Pensões","Advogado previdenciário","Consultor de aposentadoria",,,,,,,"https://www.google.com/maps/search/?api=1&query=Mariele%20Abreu%20Nigelski%20Advocacia%20-%20Advogada%20Previdenci%C3%A1ria%20em%20Ponta%20Grossa&query_place_id=ChIJ7cKG_g8b6JQREdm1MUxw15A","Serviços jurídicos"
