title,categories/0,categories/1,categories/2,categories/3,categories/4,categories/5,address,neighborhood,street,city,postalCode,state,countryCode,website,emails,phone,phoneUnformatted,location/lat,location/lng,plusCode,categoryName
Dr. Ricardo K. Miyamoto – Ortopedista da Coluna Vertebral,Clínica ortopédica,,,,,,"R. Blumenau, 1316 - América, Joinville - SC, 89204-322, Brasil",América,"R. Blumenau, 1316",Joinville,89204-322,Santa Catarina,BR,,,+55 47 99700-0037,+5547997000037,"-26,288034","-48,8496009","P562+Q5 América, Joinville - SC, Brasil",Clínica ortopédica
QUIROCLÍNICA VIVEIROS/ Clinica de quiropraxia/ Fabio Viveiros,Médico,,,,,,"Rua Hermann Mathes, 477 - Vila Nova, Blumenau - SC, 89035-030, Brasil",Vila Nova,"Rua Hermann Mathes, 477",Blumenau,,Santa Catarina,BR,,,+55 47 3322-6468,+554733226468,"-26,9086946","-49,0860662","3WR7+GH Vila Nova, Blumenau - SC, Brasil",Médico
Fisioterapia e Pilates,Clínica de Fisioterapia,,,,,,"Av. Adolfo Lutz, 835 - Vila Santa Cruz, São José do Rio Preto - SP, 15014-140, Brasil",Vila Santa Cruz,"Av. Adolfo Lutz, 835",São José do Rio Preto,15014-140,São Paulo,BR,,,+55 17 98817-7190,+5517988177190,"-20,8211001","-49,3750172","5JHF+HX Vila Santa Cruz, São José do Rio Preto - SP, Brasil",Clínica de Fisioterapia
Instituto Balsini- Dor Ortopédica e Esporte,Clínica ortopédica,,,,,,"R. XV de Novembro, 1156 - América, Joinville - SC, 89201-602, Brasil",América,"R. XV de Novembro, 1156",Joinville,89201-602,Santa Catarina,BR,,,+55 47 3433-3835,+554734333835,"-26,2986653","-48,8534137","P42W+GJ América, Joinville - SC, Brasil",Clínica ortopédica
La Fisio - clínica de Fisioterapia,Clínica de Fisioterapia,,,,,,"R. Independência, 2414 - Boa Vista, São José do Rio Preto - SP, 15025-095, Brasil",Boa Vista,"R. Independência, 2414",São José do Rio Preto,15025-095,São Paulo,BR,,,+55 17 3232-6434,+551732326434,"-20,8116188","-49,388899","5JQ6+9C Boa Vista, São José do Rio Preto - SP, Brasil",Clínica de Fisioterapia
Dra Bruna Lombardi Fisioterapia Pélvica,Clínica de Fisioterapia,,,,,,"Av. Romeu Strazzi, 325 - Sala 102 - Vila Sinibaldi, São José do Rio Preto - SP, 15084-010, Brasil",Vila Sinibaldi,"Av. Romeu Strazzi, 325 - Sala 102",São José do Rio Preto,15084-010,São Paulo,BR,,,+55 17 99275-4554,+5517992754554,"-20,82648","-49,3833934","5JF8+CJ Vila Sinibaldi, São José do Rio Preto - SP, Brasil",Clínica de Fisioterapia
Movimentus - Clínica de Fisioterapia,Clínica de Fisioterapia,Terapeuta de drenagem linfática,Neurologista pediátrico,Fisioterapeuta,Estúdio de pilates,Clínica de Reabilitação,"R. Frei Baltazar XIX, 177 - Vila Maria, São José do Rio Preto - SP, 15025-390, Brasil",Vila Maria,"R. Frei Baltazar XIX, 177",São José do Rio Preto,15025-390,São Paulo,BR,,,+55 17 3226-6137,+551732266137,"-20,809541","-49,3945353","5JR4+55 Vila Maria, São José do Rio Preto - SP, Brasil",Clínica de Fisioterapia
CLÍNICA DE FISIOTERAPIA UNIFISIO RIO PRETO,Clínica de Fisioterapia,,,,,,"Rua Marechal Deodoro da Fonseca, 3527 - Vila Santa Cruz, São José do Rio Preto - SP, 15014-060, Brasil",Vila Santa Cruz,"Rua Marechal Deodoro da Fonseca, 3527",São José do Rio Preto,15014-060,São Paulo,BR,,,+55 17 3304-5043,+551733045043,"-20,8160484","-49,378456","5JMC+HJ Vila Santa Cruz, São José do Rio Preto - SP, Brasil",Clínica de Fisioterapia
MR Fisioterapia,Clínica de Fisioterapia,Piscina interna,Estúdio de pilates,Clínica de Reabilitação,,,"R. Josina Teixeira de Carvalho, 367 - Vila Anchieta, São José do Rio Preto - SP, 15050-305, Brasil",Vila Anchieta,"R. Josina Teixeira de Carvalho, 367",São José do Rio Preto,15050-305,São Paulo,BR,,,+55 17 3225-1791,+551732251791,"-20,794798","-49,3698676","6J4J+33 Vila Anchieta, São José do Rio Preto - SP, Brasil",Clínica de Fisioterapia
Corpus Core - Centro Integrado de Saúde,Clínica de Quiropraxia,Nutricionista,Fisioterapeuta,,,,"R. Ewaldo Brueckheimer, n152 - Velha, Blumenau - SC, 89036-130, Brasil",Velha,"R. Ewaldo Brueckheimer, n152",Blumenau,89036-130,Santa Catarina,BR,,,+55 47 99772-0094,+5547997720094,"-26,9190829","-49,0852843","3WJ7+9V Velha, Blumenau - SC, Brasil",Clínica de Quiropraxia
Clínica Anello,Clínica de Quiropraxia,Clínica de Fisioterapia,,,,,"R. Cel. Vidal Ramos, 1 - sala 508 - Jardim Blumenau, Blumenau - SC, 89010-330, Brasil",Jardim Blumenau,"R. Cel. Vidal Ramos, 1 - sala 508",Blumenau,89010-330,Santa Catarina,BR,,,+55 47 3340-3340,+554733403340,"-26,9264619","-49,0606604","3WFQ+CP Jardim Blumenau, Blumenau - SC, Brasil",Clínica de Quiropraxia
João Vitor Azevedo - Quiropraxia,Clínica de Quiropraxia,,,,,,"R. Tomé de Souza, 76 - Vila Nova, Blumenau - SC, 89035-270, Brasil",Vila Nova,"R. Tomé de Souza, 76",Blumenau,89035-270,Santa Catarina,BR,,,+55 47 99105-5428,+5547991055428,"-26,9038207","-49,0858211","3WW7+FM Vila Nova, Blumenau - SC, Brasil",Clínica de Quiropraxia
✅Dr. Lucas Jimenez - Fisioterapia & Quiropraxia Avançada,Fisioterapeuta,Clínica de Quiropraxia,,,,,"Espaço Unioftal - Rua Doutor Antônio Bahia Monteiro, 465 Edifício Medical Center - 3°Andar, Consultório 07 - Parque Res. Comendador Mançor Daud, São José do Rio Preto - SP, 15070-450, Brasil",Parque Residencial Comendador Mançor Daud,"Espaço Unioftal - Rua Doutor Antônio Bahia Monteiro, 465 Edifício Medical Center - 3°Andar, Consultório 07",São José do Rio Preto,15070-450,SP,BR,,,+55 17 98813-5195,+5517988135195,"-20,8222146","-49,3643233","5JHP+47 Parque Res. Comendador Mançor Daud, São José do Rio Preto - SP, Brasil",Fisioterapeuta
Dr. Silvio Rogerio Fisioterapia Quiropraxia e terapia manual,Fisioterapeuta,,,,,,"Centro empresarial Plaza Rio Negro - R. Santa Maria, 464 - sala 08 - Vila Santo Antonio, São José do Rio Preto - SP, 15014-335, Brasil",Vila Santo Antonio,"Centro empresarial Plaza Rio Negro - R. Santa Maria, 464 - sala 08",São José do Rio Preto,15014-335,São Paulo,BR,,,+55 17 99137-7569,+5517991377569,"-20,8215457","-49,3790465","5JHC+99 Vila Santo Antonio, São José do Rio Preto - SP, Brasil",Fisioterapeuta
Andréia Mallmann | Fisioterapia e Quiropraxia,Clínica de Quiropraxia,Clínica de Fisioterapia,Estúdio de pilates,,,,"R. Nereu Ramos, 367 - loja 03 - Jardim Blumenau, Blumenau - SC, 89010-401, Brasil",Jardim Blumenau,"R. Nereu Ramos, 367 - loja 03",Blumenau,89010-401,Santa Catarina,BR,,,+55 47 98823-2522,+5547988232522,"-26,9255371","-49,0626397","3WFP+QW Jardim Blumenau, Blumenau - SC, Brasil",Clínica de Quiropraxia
Rafael Arantes Quiropraxia | São José do Rio Preto - SP,Clínica de Quiropraxia,Massoterapeuta,Fisioterapeuta,Clínica de Fisioterapia,Massagista esportivo,,"Navarro Building - R. Jaír Martins Mil Homens, 500 - Sala 1119 - Vila Sao Jose, São José do Rio Preto - SP, 15090-080, Brasil",Vila Sao Jose,"Navarro Building - R. Jaír Martins Mil Homens, 500 - Sala 1119",São José do Rio Preto,15090-080,São Paulo,BR,,,+55 17 99143-5948,+5517991435948,"-20,8269688","-49,3893156","5JF6+67 Vila Sao Jose, São José do Rio Preto - SP, Brasil",Clínica de Quiropraxia
Fisioterapia e Quiropraxia | Dr. João Vitor - Rio Preto,Fisioterapeuta,,,,,,"R. Gilberto Lopes da Silva, 1900 - Centro, São José do Rio Preto - SP, 15085-390, Brasil",Centro,"R. Gilberto Lopes da Silva, 1900",São José do Rio Preto,15085-390,São Paulo,BR,,,+55 17 98172-2388,+5517981722388,"-20,8326777","-49,3904714","5J85+WR São José do Rio Preto, São Paulo, Brasil",Fisioterapeuta
Massagem Shin-shin Shiatsu,Clínica de Quiropraxia,,,,,,"R. Pará, 971 - Centro, Londrina - PR, 86010-450, Brasil",Centro,"R. Pará, 971",Londrina,86010-450,Paraná,BR,,,+55 43 3321-3071,+554333213071,"-23,3146112","-51,1607785","MRPQ+5M Centro, Londrina - PR, Brasil",Clínica de Quiropraxia
Clinica reabilitação,Fisioterapeuta,,,,,,"R. João Penteado, 1742 - Jardim America, Ribeirão Preto - SP, 14020-180, Brasil",Jardim America,"R. João Penteado, 1742",Ribeirão Preto,14020-180,São Paulo,BR,,,+55 16 3610-4964,+551636104964,"-21,1915147","-47,8042878","R55W+97 Jardim America, Ribeirão Preto - SP, Brasil",Fisioterapeuta
Clínica Nova Reabilitação,Clínica de Fisioterapia,,,,,,"R. Olavo Bilac, 505 - Vila Seixas, Ribeirão Preto - SP, 14020-020, Brasil",Vila Seixas,"R. Olavo Bilac, 505",Ribeirão Preto,14020-020,São Paulo,BR,,,+55 16 3610-0042,+551636100042,"-21,184942","-47,8031104","R58W+2Q Vila Seixas, Ribeirão Preto - SP, Brasil",Clínica de Fisioterapia
LD Fisio - Clínica de Fisioterapia,Fisioterapeuta,,,,,,"R. José Leal, 1064 - Alto da Boa Vista, Ribeirão Preto - SP, 14025-260, Brasil",Alto da Boa Vista,"R. José Leal, 1064",Ribeirão Preto,14025-260,São Paulo,BR,,,+55 16 3442-0103,+551634420103,"-21,1959088","-47,8119986","R53Q+J6 Alto da Boa Vista, Ribeirão Preto - SP, Brasil",Fisioterapeuta
Restart Fisioterapia Domiciliar Idosos | Fisioterapeuta Especialista em Geriatria | Zona Sul Ribeirão Preto e Bonfim Paulista,Fisioterapeuta,Serviço de assistência médica domiciliar,Clínica de Reabilitação,,,,"Av. Cel. Fernando Ferreira Leite, 1520 - 16° Andar - Jardim California, Ribeirão Preto - SP, 14026-020, Brasil",Jardim California,"Av. Cel. Fernando Ferreira Leite, 1520 - 16° Andar",Ribeirão Preto,14026-020,São Paulo,BR,,,+55 16 99279-7310,+5516992797310,"-21,209272","-47,81476","Q5RP+73 Jardim California, Ribeirão Preto - SP, Brasil",Fisioterapeuta
Keite Noguti | Fisioterapia Ortopédica | Fisioterapia Esportiva | Fisioterapia em Ribeirão Preto,Fisioterapeuta,Osteopata,Clínica de Fisioterapia,Clínica de Reabilitação,,,"Av. Prof. João Fiúsa, 507 - Sala Fisioterapeuta - Alto da Boa Vista, Ribeirão Preto - SP, 14020-299, Brasil",Alto da Boa Vista,"Av. Prof. João Fiúsa, 507 - Sala Fisioterapeuta",Ribeirão Preto,14020-299,São Paulo,BR,,,+55 16 98159-5679,+5516981595679,"-21,19752","-47,8183043","R52J+XM Alto da Boa Vista, Ribeirão Preto - SP, Brasil",Fisioterapeuta
LUCIMAR THOMAZ Terapeuta da dor,Terapeuta,Clínica de acupuntura,Acupunturista,Clínica de Quiropraxia,Serviço de hipnoterapia,Terapeuta reiki,"R. Visc. de Inhaúma, 468 - Sala 63 - Centro, Ribeirão Preto - SP, 14010-100, Brasil",Centro,"R. Visc. de Inhaúma, 468 - Sala 63",Ribeirão Preto,14010-100,São Paulo,BR,,,+55 16 99600-6928,+5516996006928,"-21,1764713","-47,8086633","R5FR+CG Centro, Ribeirão Preto - SP, Brasil",Terapeuta
Pulse Fisioterapia Esportiva,Clínica de Fisioterapia,,,,,,"Av. Carlos Consoni, 180 - Jardim Canada, Ribeirão Preto - SP, 14024-270, Brasil",Jardim Canada,"Av. Carlos Consoni, 180",Ribeirão Preto,14024-270,São Paulo,BR,,,+55 16 99621-9649,+5516996219649,"-21,2190979","-47,8136796","Q5JP+9G Jardim Canada, Ribeirão Preto - SP, Brasil",Clínica de Fisioterapia
Acupuntura e Quiropraxia - João Leão,Terapeuta,Clínica de acupuntura,,,,,"Rua Jácomo Tonetto, 259 - Jardim America, Ribeirão Preto - SP, 14020-120, Brasil",Jardim America,"Rua Jácomo Tonetto, 259",Ribeirão Preto,14020-120,São Paulo,BR,,,+55 16 3635-7260,+551636357260,"-21,19045","-47,8002317","R55X+RW Jardim America, Ribeirão Preto - SP, Brasil",Terapeuta
Clinica de Quiropraxia e Fisioterapia - Viva Saúde e Bem Estar,Clínica de Quiropraxia,Clínica de Fisioterapia,Estúdio de pilates,,,,"R. Moreira de Oliveira, 122 - Alto da Boa Vista, Ribeirão Preto - SP, 14025-300, Brasil",Alto da Boa Vista,"R. Moreira de Oliveira, 122",Ribeirão Preto,14025-300,São Paulo,BR,,,+55 16 99105-9026,+5516991059026,"-21,1942211","-47,8207188","R54H+8P Alto da Boa Vista, Ribeirão Preto - SP, Brasil",Clínica de Quiropraxia
Quiropraxia Ribeirão Preto,Clínica de Quiropraxia,,,,,,"R. José Borges da Costa, 823 - Alto da Boa Vista, Ribeirão Preto - SP, 14025-660, Brasil",Alto da Boa Vista,"R. José Borges da Costa, 823",Ribeirão Preto,14025-660,São Paulo,BR,,,+55 11 99720-0922,+5511997200922,"-21,2070174","-47,8139688","Q5VP+5C Alto da Boa Vista, Ribeirão Preto - SP, Brasil",Clínica de Quiropraxia
Dra Bruna Medina Felicio,Clínica de Quiropraxia,Clínica especializada,,,,,"Av. Borges de Medeiros, 3375 - Centro, Gramado - RS, 95670-000, Brasil",Centro,"Av. Borges de Medeiros, 3375",Gramado,95670-000,Rio Grande do Sul,BR,,,+55 43 99638-6627,+5543996386627,"-29,3734229","-50,8772421","J4GF+J4 Centro, Gramado - RS, Brasil",Clínica de Quiropraxia
Terapeuta Izabela Rosa,Clínica de Quiropraxia,,,,,,"R. Astorga, 190 - sala 03 - Hedy, Londrina - PR, 86061-160, Brasil",Hedy,"R. Astorga, 190 - sala 03",Londrina,86061-160,Paraná,BR,,,+55 43 99698-3624,+5543996983624,"-23,3112236","-51,1796465","MRQC+G4 Hedy, Londrina - PR, Brasil",Clínica de Quiropraxia
"Agnaldo Martins - Quiropraxia , massoterapia .Londrina,",Saúde e segurança ocupacional,,,,,,"Rua : Clóvis Bevilaqua, 121 - Vila Zelina, Londrina - PR, 86015-590, Brasil",Vila Zelina,"Rua : Clóvis Bevilaqua, 121",Londrina,86015-590,Paraná,BR,,,+55 43 98438-2170,+5543984382170,"-23,3339054","-51,1558361","MR8V+CM Vila Zelina, Londrina - PR, Brasil",Saúde e segurança ocupacional
Quiropraxia e Acupuntura em Londrina - Expedito de Lima,Clínica de Quiropraxia,Clínica de acupuntura,Acupunturista,,,,"R. Sergipe, 1700 - Centro, Londrina - PR, 86020-330, Brasil",Centro,"R. Sergipe, 1700",Londrina,86020-330,Paraná,BR,,,+55 43 99110-5333,+5543991105333,"-23,3097314","-51,1695435","MRRJ+45 Centro, Londrina - PR, Brasil",Clínica de Quiropraxia
Dr. Vagner Augusto,Fisioterapeuta,Clínica de Quiropraxia,,,,,"Av. São João, 912 - Vila Siam, Londrina - PR, 86039-290, Brasil",Vila Siam,"Av. São João, 912",Londrina,86039-290,Paraná,BR,,,+55 43 99685-1650,+5543996851650,"-23,3191745","-51,1386729","MVJ6+8G Vila Siam, Londrina - PR, Brasil",Fisioterapeuta
Dr Ciro Veronese,Centro médico,,,,,,"Av. Ayrton Senna da Silva, 900 - Palhano 1, Londrina - PR, 86050-460, Brasil",Palhano 1,"Av. Ayrton Senna da Silva, 900",Londrina,86050-460,Paraná,BR,,,+55 43 3336-1017,+554333361017,"-23,3350086","-51,1780246","MR7C+XQ Palhano 1, Londrina - PR, Brasil",Centro médico
Ortopedia Especialista,Clínica ortopédica,,,,,,"R. Sen. Souza Naves, 1507 - Centro, Londrina - PR, 86010-160, Brasil",Centro,"R. Sen. Souza Naves, 1507",Londrina,86010-160,Paraná,BR,,,+55 43 3344-3176,+554333443176,"-23,3258109","-51,157576","MRFR+MX Centro, Londrina - PR, Brasil",Clínica ortopédica
Instituto da Coluna e Dor,Cirurgião ortopédico,,,,,,"R. Tomas Antônio Gonzaga, 54 - Lago Parque, Londrina - PR, 86015-320, Brasil",Lago Parque,"R. Tomas Antônio Gonzaga, 54",Londrina,86015-320,Paraná,BR,,,+55 43 99182-0106,+5543991820106,"-23,3308682","-51,1592563","MR9R+M7 Lago Parque, Londrina - PR, Brasil",Cirurgião ortopédico
Instituto Bacci Fisioterapia Quiropraxia Ribeirão Preto,Clínica de Fisioterapia,,,,,,"Academia Pacer novo shopping - Av. Pres. Kennedy, 1500 - Ribeirânia, Ribeirão Preto - SP, 14096-901, Brasil",Ribeirânia,"Academia Pacer novo shopping - Av. Pres. Kennedy, 1500",Ribeirão Preto,14096-901,São Paulo,BR,,,+55 16 99222-0575,+5516992220575,"-21,2066863","-47,7659135","Q6VM+8J Ribeirânia, Ribeirão Preto - SP, Brasil",Clínica de Fisioterapia
Uniort.e Prime Ortopedia Especializada,Hospital especializado,,,,,,"R. Valparaíso, 36 - Guanabara, Londrina - PR, 86050-150, Brasil",Guanabara,"R. Valparaíso, 36",Londrina,86050-150,Paraná,BR,,,+55 43 3321-0900,+554333210900,"-23,3332013","-51,1684382","MR8J+PJ Guanabara, Londrina - PR, Brasil",Hospital especializado
Clínica De Fraturas e Ortopedia Em Londrina,Clínica ortopédica,Consultório médico,Clínica especializada,,,,"R. Sen. Souza Naves, 2013 - Jardim Londrilar, Londrina - PR, 86015-430, Brasil",Jardim Londrilar,"R. Sen. Souza Naves, 2013",Londrina,86015-430,Paraná,BR,,,+55 43 3305-1982,+554333051982,"-23,330371","-51,1575932","MR9R+VX Jardim Londrilar, Londrina - PR, Brasil",Clínica ortopédica
Ortomedical - Centro de Ortopedia,Centro médico,,,,,,"Av. Ayrton Senna da Silva, 900 - Palhano 1, Londrina - PR, 86050-460, Brasil",Palhano 1,"Av. Ayrton Senna da Silva, 900",Londrina,86050-460,Paraná,BR,,,+55 43 3336-1017,+554333361017,"-23,3350325","-51,1781063","MR7C+XQ Palhano 1, Londrina - PR, Brasil",Centro médico
Fisioterapeuta Mikael - Fisioterapia e Quiropraxia,Clínica de Fisioterapia,,,,,,"Rua Marino Bruno Regini, 287 - Sala 15 - Nova Ribeirânia, Ribeirão Preto - SP, 14096-710, Brasil",Nova Ribeirânia,"Rua Marino Bruno Regini, 287 - Sala 15",Ribeirão Preto,14096-710,São Paulo,BR,,,+55 18 98178-5687,+5518981785687,"-21,1996522","-47,7722291","R62H+44 Ribeirão Preto, SP, Brasil",Clínica de Fisioterapia
EK Quiropraxia,Clínica de Quiropraxia,,,,,,"Estr. da Rhodia, 5500/5501 - Jardim do Sol, Campinas - SP, 13085-205, Brasil",Jardim do Sol,"Estr. da Rhodia, 5500/5501",Campinas,13085-205,São Paulo,BR,,,+55 19 98169-5682,+5519981695682,"-22,7874267","-47,0828155","6W78+2V Jardim do Sol, Campinas - SP, Brasil",Clínica de Quiropraxia
CLÍNICA OCHUCCI,Clínica de Quiropraxia,,,,,,"Rua Frei Antônio de Pádua, 790 - Jardim Guanabara, Campinas - SP, 13073-330, Brasil",Jardim Guanabara,"Rua Frei Antônio de Pádua, 790",Campinas,13073-330,São Paulo,BR,,,+55 19 98341-1514,+5519983411514,"-22,8908351","-47,0712251","4W5H+MG Jardim Guanabara, Campinas - SP, Brasil",Clínica de Quiropraxia
Alfa Fisio,Clínica de Fisioterapia,,,,,,"Praça La Salle, 35 - Jardim Canadá, Londrina - PR, 86020-480, Brasil",Jardim Canadá,"Praça La Salle, 35",Londrina,86020-480,Paraná,BR,,,+55 43 3028-4466,+554330284466,"-23,3186489","-51,1692926","MRJJ+G7 Londrina, Paraná, Brasil",Clínica de Fisioterapia
Body Balance Studio Pilates,Estúdio de pilates,,,,,,"R. Riachuelo, 465 - 5 andar Sala 51 - Conceicao, Campinas - SP, 13015-081, Brasil",Conceicao,"R. Riachuelo, 465 - 5 andar Sala 51",Campinas,13015-081,São Paulo,BR,,,+55 19 99299-1425,+5519992991425,"-22,9061024","-47,0520024","3WVX+H5 Campinas, São Paulo, Brasil",Estúdio de pilates
Clínica Relvas,Estúdio de pilates,,,,,,"Av. Rio de Janeiro, 67 - Fundacao da Casa Popular, Campinas - SP, 13031-340, Brasil",Fundacao da Casa Popular,"Av. Rio de Janeiro, 67",Campinas,13031-340,São Paulo,BR,,,+55 19 3272-0489,+551932720489,"-22,9193314","-47,0771791","3WJF+74 Fundacao da Casa Popular, Campinas - SP, Brasil",Estúdio de pilates
Jorge Santos - Centro de Fisioterapia e Pilates,Clínica de Fisioterapia,Estúdio de pilates,Terapeuta reiki,,,,"R. Dr. João Colin, 1285 - Sala Grécia e Sala Islândia, R. Dr. João Colin, 1285 - Sala Islândia - América, Joinville - SC, 89204-001, Brasil",América,"R. Dr. João Colin, 1285 - Sala Grécia e Sala Islândia, R. Dr. João Colin, 1285 - Sala Islândia",Joinville,89204-001,SC,BR,,,+55 47 99601-4789,+5547996014789,"-26,2895754","-48,8488658","P562+5F América, Joinville - SC, Brasil",Clínica de Fisioterapia
Voll Pilates Studios América,Estúdio de pilates,,,,,,"R. XV de Novembro, 1927 - América, Joinville - SC, 89201-602, Brasil",América,"R. XV de Novembro, 1927",Joinville,89201-602,Santa Catarina,BR,,,+55 47 99239-7192,+5547992397192,"-26,2977913","-48,8610185","P42Q+VH América, Joinville - SC, Brasil",Estúdio de pilates
Clínica De quiropraxia,Massoterapeuta,,,,,,"Av. Santos Dumont - Londrina, PR, 86089-050, Brasil",Londrina,Av. Santos Dumont,Londrina,,Paraná,BR,,,+55 44 98828-3506,+5544988283506,"-23,3223024","-51,1437603","MVH4+3F Londrina, PR, Brasil",Massoterapeuta
Orthocore - Clínica de Ortopedia e Reabilitação,Clínica ortopédica,,,,,,"Av. Harry Prochet, 710 - Jardim Sao Jorge, Londrina - PR, 86047-040, Brasil",Jardim Sao Jorge,"Av. Harry Prochet, 710",Londrina,86047-040,Paraná,BR,,,+55 43 4141-5122,+554341415122,"-23,3443418","-51,1620628","MR4Q+75 Jardim Sao Jorge, Londrina - PR, Brasil",Clínica ortopédica
Fitness Studio,Academia,,,,,,"R. Emílio Artmann, 56 - América, Joinville - SC, 89204-270, Brasil",América,"R. Emílio Artmann, 56",Joinville,89204-270,Santa Catarina,BR,,,+55 47 99292-7400,+5547992927400,"-26,2928398","-48,8487654","P542+VF América, Joinville - SC, Brasil",Academia
Raphael Cruz,Fisioterapeuta,,,,,,"R. Prof. Joaquim de Matos Barreto, 1166 - Lima Azevedo, Londrina - PR, 86060-010, Brasil",Lima Azevedo,"R. Prof. Joaquim de Matos Barreto, 1166",Londrina,86060-010,Paraná,BR,,,+55 43 3367-1970,+554333671970,"-23,3240414","-51,1771095","MRGF+95 Lima Azevedo, Londrina - PR, Brasil",Fisioterapeuta
Dra Larissa Soares,Clínica de Fisioterapia,Clínica da saúde da mulher,,,,,"R. Uraí, 123 - Jardim Santo Antonio, Londrina - PR, 86040-460, Brasil",Jardim Santo Antonio,"R. Uraí, 123",Londrina,86040-460,Paraná,BR,,,+55 43 99150-5864,+5543991505864,"-23,3066642","-51,175267","MRVF+8V Jardim Santo Antonio, Londrina - PR, Brasil",Clínica de Fisioterapia
Clínica de Fisioterapia Nelson Shirabe,Clínica de Fisioterapia,,,,,,"R. Tijuca, 220 - Parque do Lago Juliana, Londrina - PR, 86015-230, Brasil",Parque do Lago Juliana,"R. Tijuca, 220",Londrina,86015-230,Paraná,BR,,,+55 43 3321-6763,+554333216763,"-23,327664","-51,1697028","MRCJ+W4 Parque do Lago Juliana, Londrina - PR, Brasil",Clínica de Fisioterapia
Fisioclinica San Miguel,Clínica de Fisioterapia,Psicanalista,,,,,"R. Archangelo Massaro, 477 - Jardim São Paulo, Londrina - PR, 86083-330, Brasil",Jardim São Paulo,"R. Archangelo Massaro, 477",Londrina,86083-330,Paraná,BR,,,+55 43 99997-8125,+5543999978125,"-23,2653252","-51,1672107","PRMM+V4 Jardim São Paulo, Londrina - PR, Brasil",Clínica de Fisioterapia
Equilíbrio,Clínica de Fisioterapia,,,,,,"R. Tijuca, 150 - Parque do Lago Juliana, Londrina - PR, 86015-230, Brasil",Parque do Lago Juliana,"R. Tijuca, 150",Londrina,86015-230,Paraná,BR,,,+55 43 99921-9249,+5543999219249,"-23,3276143","-51,169145","MRCJ+X8 Parque do Lago Juliana, Londrina - PR, Brasil",Clínica de Fisioterapia
CAIO MARTINS QUIROPRAXIA,Clínica de Quiropraxia,,,,,,"Av. José Bonifácio, 2486 - PAINEIRAS, Campinas - SP, 13092-305, Brasil",PAINEIRAS,"Av. José Bonifácio, 2486",Campinas,13092-305,São Paulo,BR,,,+55 19 99426-1325,+5519994261325,"-22,898124","-47,030115","4X29+QX Campinas, São Paulo, Brasil",Clínica de Quiropraxia
Dr. João Vitor | Quiropraxia Clínica,Fisioterapeuta,,,,,,"Av. Orosimbo Maia - Cambuí, Campinas - SP, 13010-211, Brasil",Cambuí,Av. Orosimbo Maia,Campinas,13010-211,São Paulo,BR,,,+55 19 99279-3301,+5519992793301,"-22,8914076","-47,0587662","4W5R+CF Campinas, São Paulo, Brasil",Fisioterapeuta
"CETRO - Centro de Traumologia, Reabilitação e Ortopedia",Clínica ortopédica,Neurologista,Neurocirurgião,,,,"R. Álvaro Muller, 402 - Vila Itapura, Campinas - SP, 13023-180, Brasil",Vila Itapura,"R. Álvaro Muller, 402",Campinas,13023-180,São Paulo,BR,,,+55 19 3231-3288,+551932313288,"-22,8951349","-47,0624197","4W3Q+W2 Vila Itapura, Campinas - SP, Brasil",Clínica ortopédica
Dr.Alexandre Augusto Ferreira - Ortopedia e Traumatologia,Médico,,,,,,"Av. Dr. Moraes Salles, 1136 - conj 52 - Centro, Campinas - SP, 13010-001, Brasil",Centro,"Av. Dr. Moraes Salles, 1136 - conj 52",Campinas,13010-001,São Paulo,BR,,,+55 19 3232-4522,+551932324522,"-22,9056795","-47,053658","3WVW+PG Centro, Campinas - SP, Brasil",Médico
Dr. Fabio Kazuo Soejima,Clínica ortopédica,,,,,,"Fritz Muller Center - R. Berta Odebrecht, 66 - 7º andar - Sala 703 - Garcia, Blumenau - SC, 89020-403, Brasil",Garcia,"Fritz Muller Center - R. Berta Odebrecht, 66 - 7º andar - Sala 703",Blumenau,89020-403,Santa Catarina,BR,,,+55 47 3322-7496,+554733227496,"-26,9299794","-49,0549202","3WCW+22 Garcia, Blumenau - SC, Brasil",Clínica ortopédica
Clínica de Terapias Integradas Blumenau,Clínica especializada,,,,,,"Av. Martin Luther, 816 - Victor Konder, Blumenau - SC, 89012-010, Brasil",Victor Konder,"Av. Martin Luther, 816",Blumenau,89012-010,Santa Catarina,BR,,,+55 47 98835-2690,+5547988352690,"-26,9069135","-49,0728157","3WVG+6V Victor Konder, Blumenau - SC, Brasil",Clínica especializada
Itoupavafisio Clínica de Fisioterapia,Clínica de Fisioterapia,,,,,,"R. Henrique Bennertz, 189 - Itoupava Norte, Blumenau - SC, 89053-220, Brasil",Itoupava Norte,"R. Henrique Bennertz, 189",Blumenau,89053-220,Santa Catarina,BR,,,+55 47 3323-1361,+554733231361,"-26,8804684","-49,0840344","4W98+R9 Itoupava Norte, Blumenau - SC, Brasil",Clínica de Fisioterapia
Aniéle Humel - Studio de Pilates e Fisioterapia,Estúdio de pilates,Clínica de Fisioterapia,,,,,"Rua: Cila, 3536 - Vila Imperial, São José do Rio Preto - SP, 15015-800, Brasil",Vila Imperial,"Rua: Cila, 3536",São José do Rio Preto,15015-800,São Paulo,BR,,,+55 17 99628-9508,+5517996289508,"-20,8212819","-49,3845147","5JH8+F5 Vila Imperial, São José do Rio Preto - SP, Brasil",Estúdio de pilates
Larissa Bastos - Studio de Pilates e Fisioterapia,Estúdio de pilates,Esteticista,Massoterapeuta,Fisioterapeuta,,,"Av. Gerassina Tavares, 990 - Sala 05/06 - Jardim Yolanda, São José do Rio Preto - SP, 15061-650, Brasil",Jardim Yolanda,"Av. Gerassina Tavares, 990 - Sala 05/06",São José do Rio Preto,15061-650,São Paulo,BR,,,+55 17 98117-8766,+5517981178766,"-20,802037","-49,3471226","5MX3+55 Jardim Yolanda, São José do Rio Preto - SP, Brasil",Estúdio de pilates
Studio Pilates RPG Roberta Alonso,Estúdio de pilates,,,,,,"Av. Jesus Vila Nova Vidal, 605 - Santos Dumont, São José do Rio Preto - SP, 15020-060, Brasil",Santos Dumont,"Av. Jesus Vila Nova Vidal, 605",São José do Rio Preto,15020-060,São Paulo,BR,,,+55 17 99154-5255,+5517991545255,"-20,8158262","-49,4024914","5HMX+M2 Santos Dumont, São José do Rio Preto - SP, Brasil",Estúdio de pilates
Pilates Club,Estúdio de pilates,,,,,,"R. São Paulo, 155 - sala 03 - Jardim Bordon, São José do Rio Preto - SP, 15060-035, Brasil",Jardim Bordon,"R. São Paulo, 155 - sala 03",São José do Rio Preto,15060-035,São Paulo,BR,,,+55 17 3363-5908,+551733635908,"-20,7953734","-49,3574914","6J3V+V2 Jardim Bordon, São José do Rio Preto - SP, Brasil",Estúdio de pilates
CliniFisio,Clínica de Fisioterapia,,,,,,"R. Sen. Souza Naves, 1987 - Jardim Londrilar, Londrina - PR, 86015-430, Brasil",Jardim Londrilar,"R. Sen. Souza Naves, 1987",Londrina,86015-430,Paraná,BR,,,+55 43 99636-3839,+5543996363839,"-23,3301298","-51,1575974","MR9R+WX Jardim Londrilar, Londrina - PR, Brasil",Clínica de Fisioterapia
Studio de Pilates Corpo e Mente Camila Freitas,Estúdio de pilates,,,,,,"Av. Anísio Haddad, 7370 - sala 2 - Posto Tropical Sul, São José do Rio Preto - SP, 15091-380, Brasil",Posto Tropical Sul,"Av. Anísio Haddad, 7370 - sala 2",São José do Rio Preto,15091-380,São Paulo,BR,,,+55 34 99974-4812,+5534999744812,"-20,8436716","-49,4031255","5H4W+GP São José do Rio Preto, São Paulo, Brasil",Estúdio de pilates
Studio Secafim | Pilates São José do Rio Preto,Estúdio de pilates,,,,,,"Av. Dr. Fernando Costa, 1651 - Jardim Primavera, São José do Rio Preto - SP, 15061-375, Brasil",Jardim Primavera,"Av. Dr. Fernando Costa, 1651",São José do Rio Preto,15061-375,São Paulo,BR,,,+55 17 99753-3071,+5517997533071,"-20,8026104","-49,3580019","5JWR+XQ Jardim Primavera, São José do Rio Preto - SP, Brasil",Estúdio de pilates
Clínica MovPleno - Fisioterapia Especializada,Fisioterapeuta,Clínica de Fisioterapia,Estúdio de pilates,Clínica de Reabilitação,Aulas de yoga,,"R. Dom Lino Deodato Rodrigues de Carvalho, 675 - Jardim Primavera, Campinas - SP, 13026-480, Brasil",Jardim Primavera,"R. Dom Lino Deodato Rodrigues de Carvalho, 675",Campinas,13026-480,São Paulo,BR,,,+55 19 97804-8077,+5519978048077,"-22,9181479","-47,0452841","3XJ3+PV Jardim Primavera, Campinas - SP, Brasil",Fisioterapeuta
Daniel Otaka - Quiropraxia e Terapia,Clínica de Quiropraxia,,,,,,"Av. Imperatriz Dona Tereza Cristina, 850 - Jardim Guarani, Campinas - SP, 13100-200, Brasil",Jardim Guarani,"Av. Imperatriz Dona Tereza Cristina, 850",Campinas,13100-200,São Paulo,BR,,,+55 19 99215-0505,+5519992150505,"-22,9119336","-47,0356891","3XQ7+6P Jardim Guarani, Campinas - SP, Brasil",Clínica de Quiropraxia
"Clínica Pilates + Saúde Comasa - Pilates, Fisioterapia e Pole Sport",Estúdio de pilates,Osteopata,Fisioterapeuta,,,,"Lateral da Farmácia Preço Popular - R. Pref. Baltasar Buschle, 675 - Comasa, Joinville - SC, 89228-000, Brasil",Comasa,"Lateral da Farmácia Preço Popular - R. Pref. Baltasar Buschle, 675",Joinville,89228-000,Santa Catarina,BR,,,+55 47 99663-2755,+5547996632755,"-26,2835529","-48,8035037","P58W+HH Comasa, Joinville - SC, Brasil",Estúdio de pilates
"Clínica Nova Fisio - Fisioterapia, Pilates e RPG",Clínica de Fisioterapia,,,,,,"R. Alm. Barroso, 1289 - Vila Nova, Blumenau - SC, 89035-402, Brasil",Vila Nova,"R. Alm. Barroso, 1289",Blumenau,89035-402,Santa Catarina,BR,,,+55 47 3323-7922,+554733237922,"-26,9037108","-49,0907565","3WW5+GM Vila Nova, Blumenau - SC, Brasil",Clínica de Fisioterapia
Terapia e Movimento Studio de Pilates e Fisioterapia,Estúdio de pilates,Fisioterapeuta,,,,,"R. Dr. Plácido Olímpio de Oliveira, 984 - Bucarein, Joinville - SC, 89202-450, Brasil",Bucarein,"R. Dr. Plácido Olímpio de Oliveira, 984",Joinville,89202-450,Santa Catarina,BR,,,+55 47 98927-5121,+5547989275121,"-26,3110422","-48,8444648","M5Q4+H6 Bucarein, Joinville - SC, Brasil",Estúdio de pilates
Fisioterapia Blumenau,Clínica de Fisioterapia,,,,,,"R. Dr. Luiz de Freitas Melro, 430 - Centro, Blumenau - SC, 89010-310, Brasil",Centro,"R. Dr. Luiz de Freitas Melro, 430",Blumenau,89010-310,Santa Catarina,BR,,,+55 47 3340-5277,+554733405277,"-26,9239741","-49,063945","3WGP+CC Centro, Blumenau - SC, Brasil",Clínica de Fisioterapia
QualyFisio - Clínica de Fisioterapia - Blumenau,Clínica de Fisioterapia,Estúdio de pilates,,,,,"R. Gen. Osório, 512 - Velha, Blumenau - SC, 89041-300, Brasil",Velha,"R. Gen. Osório, 512",Blumenau,89041-300,Santa Catarina,BR,,,+55 47 3325-9781,+554733259781,"-26,920948","-49,1056149","3VHV+JQ Velha, Blumenau - SC, Brasil",Clínica de Fisioterapia
Studio Move Pilates,Estúdio de pilates,,,,,,"R. Pará, 1122 - 6º andar - sala 64 - Centro, Londrina - PR, 86010-450, Brasil",Centro,"R. Pará, 1122 - 6º andar - sala 64",Londrina,86010-450,Paraná,BR,,,+55 43 99159-4060,+5543991594060,"-23,3141321","-51,1622361","MRPQ+84 Centro, Londrina - PR, Brasil",Estúdio de pilates
Pilates Aline Longo,Estúdio de pilates,,,,,,"R. Marcílio Dias, 212 - salas 01 e 02 - Vila Fujita, Londrina - PR, 86015-620, Brasil",Vila Fujita,"R. Marcílio Dias, 212 - salas 01 e 02",Londrina,86015-620,Paraná,BR,,,+55 43 3341-9800,+554333419800,"-23,3333974","-51,1532072","MR8W+JP Vila Fujita, Londrina - PR, Brasil",Estúdio de pilates
Clínica Pilates e Medicina,Estúdio de pilates,,,,,,"R. Santos, 905 - Centro, Londrina - PR, 86020-041, Brasil",Centro,"R. Santos, 905",Londrina,86020-041,Paraná,BR,,,+55 43 99110-0335,+5543991100335,"-23,3137777","-51,1678273","MRPJ+FV Centro, Londrina - PR, Brasil",Estúdio de pilates
Opta Pilates,Estúdio de pilates,,,,,,"Av. Santos Dumont, 675 - Sala 02 - Boa Vista, Londrina - PR, 86039-090, Brasil",Boa Vista,"Av. Santos Dumont, 675 - Sala 02",Londrina,86039-090,Paraná,BR,,,+55 43 3301-7536,+554333017536,"-23,3197632","-51,1461452","MVJ3+3G Boa Vista, Londrina - PR, Brasil",Estúdio de pilates
Wave Pilates,Estúdio de pilates,,,,,,"R. Humaitá, 438 - sala 1 - Kennedy, Londrina - PR, 86015-100, Brasil",Kennedy,"R. Humaitá, 438 - sala 1",Londrina,86015-100,Paraná,BR,,,+55 43 99610-4720,+5543996104720,"-23,3217662","-51,171386","MRHH+7C Kennedy, Londrina - PR, Brasil",Estúdio de pilates
TwoPhysio,Estúdio de pilates,Clínica de Fisioterapia,,,,,"Av. Higienópolis, 1601 - Higienópolis, Londrina - PR, 86020-080, Brasil",Higienópolis,"Av. Higienópolis, 1601",Londrina,86020-080,Paraná,BR,,,+55 43 99612-7853,+5543996127853,"-23,3241459","-51,1672823","MRGM+83 Higienópolis, Londrina - PR, Brasil",Estúdio de pilates
Dr. Fabiano Caumo,Clínica ortopédica,,,,,,"Fritz Muller Center - R. Berta Odebrecht, 66 - 7º andar - sala 702 - Garcia, Blumenau - SC, 89020-403, Brasil",Garcia,"Fritz Muller Center - R. Berta Odebrecht, 66 - 7º andar - sala 702",Blumenau,89020-403,Santa Catarina,BR,,,+55 47 3322-7496,+554733227496,"-26,9299794","-49,0549202","3WCW+22 Garcia, Blumenau - SC, Brasil",Clínica ortopédica
fluidalepilates em londrina,Fisioterapeuta,Estúdio de pilates,,,,,"R. Santos, 541 - Centro, Londrina - PR, 86020-040, Brasil",Centro,"R. Santos, 541",Londrina,86020-040,Paraná,BR,,,+55 43 99901-0285,+5543999010285,"-23,3105917","-51,1678591","MRQJ+QV Centro, Londrina - PR, Brasil",Fisioterapeuta
IOT Inst. Ortop e Traumatol Campinas,Médico,,,,,,"R. Prof. Camilo Vanzolini, 256 - Vila Joao Jorge, Campinas - SP, 13041-303, Brasil",Vila Joao Jorge,"R. Prof. Camilo Vanzolini, 256",Campinas,13041-303,São Paulo,BR,,,+55 19 3234-8160,+551932348160,"-22,916428","-47,0593928","3WMR+C6 Vila Joao Jorge, Campinas - SP, Brasil",Médico
Pilates Gislaine Figueiredo,Estúdio de pilates,Fisioterapeuta,,,,,"R. Raul de Carvalho, 460 - Boa Vista, São José do Rio Preto - SP, 15025-300, Brasil",Boa Vista,"R. Raul de Carvalho, 460",São José do Rio Preto,15025-300,São Paulo,BR,,,+55 17 98801-0053,+5517988010053,"-20,8008175","-49,3818366","5JX9+M7 Boa Vista, São José do Rio Preto - SP, Brasil",Estúdio de pilates
Face Clínica de Fisioterapia,Clínica de Fisioterapia,,,,,,"R. Júlio Ritscher, 94 - Garcia, Blumenau - SC, 89020-040, Brasil",Garcia,"R. Júlio Ritscher, 94",Blumenau,89020-040,Santa Catarina,BR,,,+55 47 3222-3459,+554732223459,"-26,9288568","-49,0594911","3WCR+F6 Garcia, Blumenau - SC, Brasil",Clínica de Fisioterapia
Tatiana Azem Studio de Pilates São José do Rio Preto,Estúdio de pilates,,,,,,"R. Raul de Carvalho, 1342 - Boa Vista, São José do Rio Preto - SP, 15025-300, Brasil",Boa Vista,"R. Raul de Carvalho, 1342",São José do Rio Preto,15025-300,São Paulo,BR,,,+55 17 99119-1437,+5517991191437,"-20,8063619","-49,3876818","5JV6+FW Boa Vista, São José do Rio Preto - SP, Brasil",Estúdio de pilates
Renovare Studio Pilates,Estúdio de pilates,,,,,,"Av. Leais Paulista, 727 - Jardim Irajá, Ribeirão Preto - SP, 14020-650, Brasil",Jardim Irajá,"Av. Leais Paulista, 727",Ribeirão Preto,14020-650,São Paulo,BR,,,+55 16 98158-8062,+5516981588062,"-21,2043994","-47,79853","Q6W2+6H Jardim Irajá, Ribeirão Preto - SP, Brasil",Estúdio de pilates
Studio Pilates Helena Vieira,Estúdio de pilates,,,,,,"R. José Mario Donizete Barone, 35 - City Ribeirão, Ribeirão Preto - SP, 14021-300, Brasil",City Ribeirão,"R. José Mario Donizete Barone, 35",Ribeirão Preto,14021-300,São Paulo,BR,,,+55 16 99717-0535,+5516997170535,"-21,2169952","-47,7811857","Q6M9+6G City Ribeirão, Ribeirão Preto - SP, Brasil",Estúdio de pilates
Clínica Levity,Estúdio de pilates,,,,,,"R. Henrique Franco, 149 - Alto da Boa Vista, Ribeirão Preto - SP, 14025-280, Brasil",Alto da Boa Vista,"R. Henrique Franco, 149",Ribeirão Preto,14025-280,São Paulo,BR,,,+55 16 98199-2655,+5516981992655,"-21,1953619","-47,815852","R53M+VM Alto da Boa Vista, Ribeirão Preto - SP, Brasil",Estúdio de pilates
FC Fisioterapia e Reabilitação Esportiva,Clínica de Fisioterapia,,,,,,"R. Germano Stein, 249 - Sala 5A - América, Joinville - SC, 89204-090, Brasil",América,"R. Germano Stein, 249 - Sala 5A",Joinville,89204-090,Santa Catarina,BR,,,+55 47 99683-0261,+5547996830261,"-26,288417","-48,8459904","P563+JJ América, Joinville - SC, Brasil",Clínica de Fisioterapia
Clínica de Fisioterapia Start Moove,Clínica de Fisioterapia,,,,,,"Edifício Helbor Dual Offices, R. Expedicionário Holz, 550 - Sala 211 - Atiradores, Joinville - SC, 89201-740, Brasil",Atiradores,"Edifício Helbor Dual Offices, R. Expedicionário Holz, 550 - Sala 211",Joinville,89201-740,SC,BR,,,+55 47 99999-9873,+5547999999873,"-26,3003544","-48,8532901","M4XW+VM Atiradores, Joinville - SC, Brasil",Clínica de Fisioterapia
Pilates Camila Vega Rio Preto,Estúdio de pilates,Centro de bem-estar,,,,,"R. Silva Jardim, 2492 - Boa Vista, São José do Rio Preto - SP, 15025-165, Brasil",Boa Vista,"R. Silva Jardim, 2492",São José do Rio Preto,15025-165,São Paulo,BR,,,+55 17 99104-2534,+5517991042534,"-20,8088634","-49,3850082","5JR7+FX Boa Vista, São José do Rio Preto - SP, Brasil",Estúdio de pilates
Dr. Hannu Xavier,Osteopata,Clínica de Quiropraxia,,,,,"R. Eugênio Moreira, número 400 - Anita Garibaldi, Joinville - SC, 89202-101, Brasil",Anita Garibaldi,"R. Eugênio Moreira, número 400",Joinville,89202-101,Santa Catarina,BR,,,+55 47 3271-1991,+554732711991,"-26,3146493","-48,8478955","M5P2+4R Anita Garibaldi, Joinville - SC, Brasil",Osteopata
Rafael Hyppólito Massoterapia & Quiropraxia em Joinville,Massoterapeuta,Clínica de Quiropraxia,Massagista esportivo,,,,"R. Benjamin Constant, 1025 - América, Joinville - SC, 89204-361, Brasil",América,"R. Benjamin Constant, 1025",Joinville,89204-361,Santa Catarina,BR,,,+55 47 98868-5228,+5547988685228,"-26,2848208","-48,8593255","P48R+37 América, Joinville - SC, Brasil",Massoterapeuta
Quiropraxia & Shiatsu | Sugoi Terapias Orientais,Clínica de Quiropraxia,,,,,,"R. Alexandre Schlemm, 816 - sala 07 - Bucarein, Joinville - SC, 89202-181, Brasil",Bucarein,"R. Alexandre Schlemm, 816 - sala 07",Joinville,89202-181,Santa Catarina,BR,,,+55 47 99769-2826,+5547997692826,"-26,312097","-48,8491187","M5Q2+59 Bucarein, Joinville - SC, Brasil",Clínica de Quiropraxia
Akron Clinica de Quiropraxia,Clínica de Quiropraxia,,,,,,"Av. Dr. Albano Schulz, 865 - Sala 01 - Centro, Joinville - SC, 89201-220, Brasil",Centro,"Av. Dr. Albano Schulz, 865 - Sala 01",Joinville,89201-220,Santa Catarina,BR,,,+55 47 99179-4133,+5547991794133,"-26,297756","-48,8426357","P524+VW Centro, Joinville - SC, Brasil",Clínica de Quiropraxia
Dr. Wynner Reis,Fisioterapeuta,Clínica de Quiropraxia,,,,,"R. Rio do Sul, 60 - Bucarein, Joinville - SC, 89202-201, Brasil",Bucarein,"R. Rio do Sul, 60",Joinville,89202-201,Santa Catarina,BR,,,+55 47 99702-1134,+5547997021134,"-26,3088532","-48,8449518","M5R4+F2 Bucarein, Joinville - SC, Brasil",Fisioterapeuta
Rodrigo Monari - Médico Ortopedista e Traumatologista,Clínica ortopédica,Cirurgião ortopédico,,,,,"R. Berta Odebrecht, 66 - sala 1301 - Garcia, Blumenau - SC, 89020-430, Brasil",Garcia,"R. Berta Odebrecht, 66 - sala 1301",Blumenau,89020-430,Santa Catarina,BR,,,+55 47 3041-2425,+554730412425,"-26,9298047","-49,0551652","3WCV+3W Garcia, Blumenau - SC, Brasil",Clínica ortopédica
Rosana Borges Quiropraxia,Clínica de Quiropraxia,,,,,,"R. Jaraguá, 604 - América, Joinville - SC, 89204-650, Brasil",América,"R. Jaraguá, 604",Joinville,89204-650,Santa Catarina,BR,,,+55 47 99753-3133,+5547997533133,"-26,2932956","-48,8536496","P44W+MG América, Joinville - SC, Brasil",Clínica de Quiropraxia
Estúdio de Pilates Bruna Andrade,Estúdio de pilates,,,,,,"R. Cambará, 585 - sala 01 térreo - Centro, Londrina - PR, 86010-530, Brasil",Centro,"R. Cambará, 585 - sala 01 térreo",Londrina,86010-530,Paraná,BR,,,+55 43 99916-5260,+5543999165260,"-23,3189374","-51,1570224","MRJV+C5 Centro, Londrina - PR, Brasil",Estúdio de pilates
Linea Pilates,Estúdio de pilates,,,,,,"R. Joinville, 881 - 301 - Vila Nova, Blumenau - SC, 89035-200, Brasil",Vila Nova,"R. Joinville, 881 - 301",Blumenau,89035-200,Santa Catarina,BR,,,+55 47 99260-6060,+5547992606060,"-26,9032191","-49,0876312","3WW6+PW Vila Nova, Blumenau - SC, Brasil",Estúdio de pilates
Victória Schüler Studio Pilates e Treinamento Funcional,Estúdio de pilates,,,,,,"R. Antônina, 17 - Itoupava Norte, Blumenau - SC, 89052-650, Brasil",Itoupava Norte,"R. Antônina, 17",Blumenau,89052-650,Santa Catarina,BR,,,+55 47 99111-0681,+5547991110681,"-26,8836321","-49,0750035","4W8F+GX Itoupava Norte, Blumenau - SC, Brasil",Estúdio de pilates
Vitalità Pilates & Bem-Estar,Estúdio de pilates,,,,,,"R. 7 de Setembro, 876 - sala 404 - Centro, Blumenau - SC, 89010-202, Brasil",Centro,"R. 7 de Setembro, 876 - sala 404",Blumenau,89010-202,Santa Catarina,BR,,,+55 47 3325-5465,+554733255465,"-26,9218002","-49,0654146","3WHM+7R Centro, Blumenau - SC, Brasil",Estúdio de pilates
Follow UP Studio de Pilates,Estúdio de pilates,,,,,,"R. Benjamin Constant, 2836 - Vila Nova, Blumenau - SC, 89035-100, Brasil",Vila Nova,"R. Benjamin Constant, 2836",Blumenau,89035-100,Santa Catarina,BR,,,+55 47 99684-1615,+5547996841615,"-26,9064236","-49,0919187","3WV5+C6 Vila Nova, Blumenau - SC, Brasil",Estúdio de pilates
Studio de Pilates Patrícia Heringer,Estúdio de pilates,,,,,,"R. Capinzal, 171 - Garcia, Blumenau - SC, 89022-450, Brasil",Garcia,"R. Capinzal, 171",Blumenau,89022-450,Santa Catarina,BR,,,+55 47 99628-8415,+5547996288415,"-26,9551429","-49,0704061","2WVH+WR Garcia, Blumenau - SC, Brasil",Estúdio de pilates
Sani Centro de Fisioterapia Ltda,Clínica de Fisioterapia,,,,,,"R. Monsenhor Gercino, 3304 - Itaum, Joinville - SC, 89208-000, Brasil",Itaum,"R. Monsenhor Gercino, 3304",Joinville,89208-000,Santa Catarina,BR,,,+55 47 3423-0063,+554734230063,"-26,3411611","-48,8223048","M55H+G3 Itaum, Joinville - SC, Brasil",Clínica de Fisioterapia
Aera Pilates - Ribeirão Preto,Estúdio de pilates,,,,,,"Av. Carlos Consoni, 89 - Jardim Canada, Ribeirão Preto - SP, 14024-010, Brasil",Jardim Canada,"Av. Carlos Consoni, 89",Ribeirão Preto,14024-010,São Paulo,BR,,,+55 16 99777-3918,+5516997773918,"-21,2181995","-47,8140689","Q5JP+P9 Jardim Canada, Ribeirão Preto - SP, Brasil",Estúdio de pilates
Studio Pilates e Tal - Estúdio de Pilates em Ribeirão Preto - Pilates em Ribeirão Preto,Estúdio de pilates,Fisioterapeuta,,,,,"R. Dom Alberto Gonçalves, 1473 - Campos Elísios, Ribeirão Preto - SP, 14085-100, Brasil",Campos Elísios,"R. Dom Alberto Gonçalves, 1473",Ribeirão Preto,14085-100,São Paulo,BR,,,+55 16 99109-2970,+5516991092970,"-21,159393","-47,792614","R6R4+6X Campos Elísios, Ribeirão Preto - SP, Brasil",Estúdio de pilates
Karina Pilates - Estúdio de Pilates em Ribeirão Preto,Estúdio de pilates,Sala de fitness,Academia,Personal trainer,Programa de condicionamento físico,Centro de bem-estar,"Av. Prof. João Fiúsa, 507 - Sala Pilates - Alto da Boa Vista, Ribeirão Preto - SP, 14020-299, Brasil",Alto da Boa Vista,"Av. Prof. João Fiúsa, 507 - Sala Pilates",Ribeirão Preto,14020-299,São Paulo,BR,,,+55 16 98156-8637,+5516981568637,"-21,1975675","-47,8183372","R52J+XM Alto da Boa Vista, Ribeirão Preto - SP, Brasil",Estúdio de pilates
Santé Fisioterapia e Pilates,Estúdio de pilates,Clínica de Fisioterapia,,,,,"Praça Dr. Osmani Emboaba da Costa, 38 - Alto da Boa Vista, Ribeirão Preto - SP, 14025-319, Brasil",Alto da Boa Vista,"Praça Dr. Osmani Emboaba da Costa, 38",Ribeirão Preto,14025-319,São Paulo,BR,,,+55 16 99717-4277,+5516997174277,"-21,1984316","-47,8161018","R52M+JH Alto da Boa Vista, Ribeirão Preto - SP, Brasil",Estúdio de pilates
Benyamin Massoterapeuta,Clínica de Quiropraxia,Massoterapeuta,,,,,"Rua Ao Lado Do Mercado Dos Anjos - Rua: Pedro Francisco Vieira, 74 - Fátima, Joinville - SC, 89229-310, Brasil",Fátima,"Rua Ao Lado Do Mercado Dos Anjos - Rua: Pedro Francisco Vieira, 74",Joinville,89229-310,Santa Catarina,BR,,,+55 47 3436-5722,+554734365722,"-26,328289","-48,8106498","M5CQ+MP Fátima, Joinville - SC, Brasil",Clínica de Quiropraxia
Única Cuidados Integrados,Clínica de Quiropraxia,Centro de saúde e beleza,,,,,"R. Maestro Sílvio Perini, 146 - Casa Comercial - Bucarein, Joinville - SC, 89202-270, Brasil",Bucarein,"R. Maestro Sílvio Perini, 146 - Casa Comercial",Joinville,89202-270,Santa Catarina,BR,,,+55 47 99653-3740,+5547996533740,"-26,318255","-48,8387578","M5J6+MF Bucarein, Joinville - SC, Brasil",Clínica de Quiropraxia
Clínica de Terapia Ortopédica,Clínica ortopédica,,,,,,"R. José Urias Fortes, 630 - Jardim Panorama, São José do Rio Preto - SP, 15091-220, Brasil",Jardim Panorama,"R. José Urias Fortes, 630",São José do Rio Preto,15091-220,São Paulo,BR,,,+55 17 3226-6412,+551732266412,"-20,8322597","-49,4028351","5H9W+3V Jardim Panorama, São José do Rio Preto - SP, Brasil",Clínica ortopédica
Dr. Felipe Costa - Ortopedista,Médico,,,,,,"R. Voluntários de São Paulo, 3943 - Vila Imperial, São José do Rio Preto - SP, 15015-200, Brasil",Vila Imperial,"R. Voluntários de São Paulo, 3943",São José do Rio Preto,15015-200,São Paulo,BR,,,+55 17 98166-4440,+5517981664440,"-20,8181036","-49,386439","5JJ7+QC Vila Imperial, São José do Rio Preto - SP, Brasil",Médico
Dr. Luiz Felipe Thomé Azevedo Marques,Clínica ortopédica,Cirurgião ortopédico,,,,,"Av. Pres. Juscelino K. de Oliveira, 3581 - Jardim Panorama, São José do Rio Preto - SP, 15093-215, Brasil",Jardim Panorama,"Av. Pres. Juscelino K. de Oliveira, 3581",São José do Rio Preto,15093-215,São Paulo,BR,,,+55 17 99145-9221,+5517991459221,"-20,8533553","-49,412144","4HWQ+M4 Jardim Panorama, São José do Rio Preto - SP, Brasil",Clínica ortopédica
Studio Pilates Celice Prade,Estúdio de pilates,,,,,,"R. Benjamin Constant, 1396 - Escola Agrícola, Blumenau - SC, 89037-500, Brasil",Escola Agrícola,"R. Benjamin Constant, 1396",Blumenau,89037-500,Santa Catarina,BR,,,+55 47 3037-3541,+554730373541,"-26,8990145","-49,0985477","4W22+9H Escola Agrícola, Blumenau - SC, Brasil",Estúdio de pilates
CRV Centro Integrado de Fisioterapia,Clínica de Fisioterapia,,,,,,"R. Humberto de Campos, 52 - América, Joinville - SC, 89204-220, Brasil",América,"R. Humberto de Campos, 52",Joinville,89204-220,Santa Catarina,BR,,,+55 47 3425-2359,+554734252359,"-26,2803543","-48,8501556","P49X+VW América, Joinville - SC, Brasil",Clínica de Fisioterapia
Studio Renata Cury - Pilates,Estúdio de pilates,,,,,,"Edifício Spasse Office - Av. Maurílio Biagi, 800 - Sala: 104 (1º andar - Santa Cruz do Jose Jacques, Ribeirão Preto - SP, 14020-750, Brasil",Santa Cruz do Jose Jacques,"Edifício Spasse Office - Av. Maurílio Biagi, 800 - Sala: 104 (1º andar",Ribeirão Preto,14020-750,São Paulo,BR,,,+55 16 98820-2052,+5516988202052,"-21,2014213","-47,7955492","Q6X3+CQ Santa Cruz do Jose Jacques, Ribeirão Preto - SP, Brasil",Estúdio de pilates
Clínica Dr. Hamilton Hidalgo - Ortopedista em São José do Rio Preto,Clínica ortopédica,,,,,,"Georgina Business Park - Av. Anísio Haddad, 8001 - Torre Zurich, sala 302 - Jardim Aclimacao, São José do Rio Preto - SP, 15091-751, Brasil",Jardim Aclimacao,"Georgina Business Park - Av. Anísio Haddad, 8001 - Torre Zurich, sala 302",São José do Rio Preto,15091-751,São Paulo,BR,,,+55 17 99763-1505,+5517997631505,"-20,8450791","-49,4014943","5H3X+XC Jardim Aclimacao, São José do Rio Preto - SP, Brasil",Clínica ortopédica